01O	23	5
01O	23	5
01O	23	6
01O	23	14
01O	23	14
01O	23	15
01O	31	26
01O	31	27
01O	31	27
01O	31	44
01O	31	46
01O	31	48
01O	31	48
01O	31	50
01O	31	50
01O	31	51
01O	31	52
01O	31	52
01O	31	55
01O	32	1
01O	32	2
01O	32	3
01O	32	4
01O	32	5
01O	32	6
01O	32	7
01O	32	8
01O	32	9
01O	32	10
01O	32	11
01O	32	12
01O	32	13
01O	32	14
01O	32	15
01O	32	16
01O	32	17
01O	32	18
01O	32	19
01O	32	20
01O	32	21
01O	32	22
01O	32	23
01O	32	24
01O	32	25
01O	32	26
01O	32	27
01O	32	28
01O	32	29
01O	32	30
01O	32	31
01O	32	32
01O	35	16
01O	35	21
01O	47	5
01O	47	5
01O	47	6
02O	8	1
02O	8	2
02O	8	3
02O	8	4
02O	8	5
02O	8	6
02O	8	7
02O	8	8
02O	8	9
02O	8	10
02O	8	11
02O	8	12
02O	8	13
02O	8	14
02O	8	15
02O	8	16
02O	8	17
02O	8	18
02O	8	19
02O	8	20
02O	8	21
02O	8	22
02O	8	23
02O	8	24
02O	8	25
02O	8	26
02O	8	27
02O	8	28
02O	8	29
02O	8	30
02O	8	31
02O	8	32
02O	20	13
02O	20	14
02O	20	15
02O	21	16
02O	21	17
02O	22	1
02O	22	2
02O	22	3
02O	22	4
02O	22	5
02O	22	6
02O	22	7
02O	22	8
02O	22	9
02O	22	10
02O	22	11
02O	22	12
02O	22	13
02O	22	14
02O	22	15
02O	22	16
02O	22	17
02O	22	18
02O	22	19
02O	22	20
02O	22	21
02O	22	22
02O	22	23
02O	22	24
02O	22	25
02O	22	26
02O	22	27
02O	22	28
02O	22	29
02O	22	30
02O	22	31
02O	25	6
02O	25	38
02O	25	39
02O	25	39
02O	28	23
02O	28	24
02O	28	25
02O	28	26
02O	28	27
02O	28	28
02O	28	29
02O	28	29
02O	29	20
02O	29	20
02O	29	21
02O	30	27
02O	30	27
02O	30	28
02O	35	15
02O	35	17
02O	35	18
02O	36	8
02O	36	9
02O	36	10
02O	36	11
02O	36	12
02O	36	13
02O	36	14
02O	36	15
02O	36	16
02O	36	17
02O	36	18
02O	36	19
02O	36	20
02O	36	21
02O	36	22
02O	36	23
02O	36	24
02O	36	25
02O	36	26
02O	36	27
02O	36	28
02O	36	29
02O	36	30
02O	36	31
02O	36	32
02O	36	33
02O	36	34
02O	36	35
02O	36	36
02O	36	37
02O	36	38
02O	37	1
02O	37	2
02O	37	3
02O	37	4
02O	37	4
02O	37	4
02O	37	5
02O	37	6
02O	37	7
02O	37	8
02O	37	9
02O	37	10
02O	37	11
02O	37	12
02O	37	13
02O	37	14
02O	37	15
02O	37	16
02O	37	17
02O	37	17
02O	37	17
02O	37	18
02O	37	18
02O	37	19
02O	37	20
02O	37	21
02O	37	22
02O	37	23
02O	37	24
02O	37	25
02O	37	26
02O	37	27
02O	37	28
02O	37	29
02O	38	1
02O	38	2
02O	38	3
02O	38	4
02O	38	5
02O	38	6
02O	38	7
02O	38	8
02O	38	9
02O	38	10
02O	38	11
02O	38	12
02O	38	13
02O	38	14
02O	38	15
02O	38	16
02O	38	17
02O	38	18
02O	38	18
02O	38	19
02O	38	19
02O	38	20
02O	38	20
02O	38	21
02O	38	21
02O	38	22
02O	38	23
02O	38	24
02O	38	25
02O	38	26
02O	38	27
02O	38	28
02O	38	29
02O	38	30
02O	38	30
02O	38	31
02O	39	1
02O	39	1
02O	39	1
02O	39	2
02O	39	3
02O	39	4
02O	39	4
02O	39	5
02O	39	6
02O	39	7
02O	39	8
02O	39	9
02O	39	10
02O	39	11
02O	39	12
02O	39	13
02O	39	14
02O	39	15
02O	39	16
02O	39	17
02O	39	18
02O	39	19
02O	39	20
02O	39	21
02O	39	22
02O	39	23
02O	39	24
02O	39	25
02O	39	26
02O	39	27
02O	39	28
02O	39	29
02O	39	30
02O	39	31
02O	39	32
02O	39	33
02O	39	34
02O	39	35
02O	39	36
02O	39	37
02O	39	38
02O	39	39
02O	39	40
02O	39	41
02O	39	42
02O	39	42
02O	39	43
02O	40	6
02O	40	7
02O	40	10
02O	40	11
02O	40	27
02O	40	28
02O	40	30
02O	40	31
02O	40	32
03O	6	1
03O	6	2
03O	6	3
03O	6	4
03O	6	5
03O	6	6
03O	6	7
03O	6	8
03O	6	9
03O	6	10
03O	6	11
03O	6	12
03O	6	13
03O	6	14
03O	6	15
03O	6	16
03O	6	17
03O	6	18
03O	6	19
03O	6	20
03O	6	21
03O	6	22
03O	6	23
03O	6	24
03O	6	25
03O	6	26
03O	6	27
03O	6	28
03O	6	29
03O	6	30
03O	8	10
03O	8	10
03O	8	11
04O	1	24
04O	1	25
04O	1	26
04O	1	27
04O	1	28
04O	1	29
04O	1	30
04O	1	31
04O	1	32
04O	1	33
04O	1	34
04O	1	35
04O	1	36
04O	1	37
04O	6	23
04O	6	27
04O	10	34
04O	10	35
04O	10	36
04O	15	14
04O	15	15
04O	15	15
04O	16	36
04O	16	37
04O	16	38
04O	16	39
04O	16	40
04O	16	41
04O	16	42
04O	16	43
04O	16	44
04O	16	45
04O	16	46
04O	16	47
04O	16	48
04O	16	49
04O	16	50
04O	17	1
04O	17	2
04O	17	3
04O	17	4
04O	17	5
04O	17	6
04O	17	7
04O	17	8
04O	17	9
04O	17	10
04O	17	11
04O	17	12
04O	17	13
04O	25	18
04O	25	18
04O	26	1
04O	26	15
04O	26	16
04O	26	17
04O	26	18
04O	26	19
04O	26	20
04O	26	21
04O	26	22
04O	26	23
04O	26	24
04O	26	25
04O	26	26
04O	26	27
04O	26	28
04O	26	29
04O	26	30
04O	26	31
04O	26	32
04O	26	33
04O	26	34
04O	26	35
04O	26	36
04O	26	37
04O	26	38
04O	26	39
04O	26	40
04O	26	41
04O	26	42
04O	26	43
04O	26	44
04O	26	45
04O	26	46
04O	26	47
04O	28	23
04O	28	23
04O	28	24
04O	29	40
04O	30	1
04O	30	2
04O	30	3
04O	30	4
04O	30	5
04O	30	6
04O	30	7
04O	30	8
04O	30	9
04O	30	10
04O	30	11
04O	30	12
04O	30	13
04O	30	14
04O	30	15
04O	30	16
04O	35	14
04O	35	14
04O	35	15
05O	4	29
05O	4	30
05O	4	30
05O	5	17
05O	5	18
05O	12	32
05O	13	1
05O	13	2
05O	13	3
05O	13	4
05O	13	5
05O	13	6
05O	13	7
05O	13	8
05O	13	9
05O	13	10
05O	13	11
05O	13	12
05O	13	13
05O	13	14
05O	13	15
05O	13	16
05O	13	17
05O	13	18
05O	20	15
05O	20	15
05O	20	16
05O	22	30
05O	23	1
05O	23	2
05O	23	3
05O	23	4
05O	23	5
05O	23	6
05O	23	7
05O	23	8
05O	23	9
05O	23	10
05O	23	11
05O	23	12
05O	23	13
05O	23	14
05O	23	15
05O	23	16
05O	23	17
05O	23	18
05O	23	19
05O	23	20
05O	23	21
05O	23	22
05O	23	23
05O	23	24
05O	23	25
05O	23	25
05O	29	1
05O	29	2
05O	29	3
05O	29	4
05O	29	5
05O	29	6
05O	29	7
05O	29	8
05O	29	9
05O	29	10
05O	29	11
05O	29	12
05O	29	13
05O	29	14
05O	29	15
05O	29	16
05O	29	17
05O	29	18
05O	29	19
05O	29	20
05O	29	21
05O	29	22
05O	29	23
05O	29	24
05O	29	25
05O	29	26
05O	29	27
05O	29	28
05O	29	29
06O	6	4
06O	6	6
06O	6	6
06O	6	7
06O	6	13
06O	6	13
06O	6	14
06O	8	13
06O	8	26
06O	8	30
06O	8	31
06O	8	32
06O	8	33
06O	8	34
06O	8	35
06O	10	15
06O	10	43
06O	11	2
06O	11	2
06O	11	3
06O	12	21
06O	12	21
06O	12	22
06O	12	22
06O	13	33
06O	15	24
06O	15	25
06O	15	25
06O	15	59
06O	15	59
06O	16	1
06O	16	2
06O	16	2
06O	16	3
06O	16	3
06O	16	5
06O	19	47
06O	19	47
06O	19	48
06O	19	48
06O	20	3
06O	20	4
06O	20	5
06O	20	6
06O	21	42
06O	21	42
06O	21	42
06O	21	42
06O	21	42
06O	24	29
06O	24	30
06O	24	31
06O	24	31
06O	24	33
06O	24	33
06O	24	33
07O	5	10
07O	5	10
07O	5	11
07O	11	4
09O	1	24
09O	1	24
09O	1	25
09O	3	13
09O	3	14
09O	3	14
09O	4	15
09O	4	16
09O	4	16
09O	5	3
09O	5	3
09O	5	4
09O	10	27
09O	10	27
09O	11	1
09O	13	1
09O	17	12
09O	17	13
09O	17	14
09O	17	15
09O	17	16
09O	17	17
09O	17	18
09O	17	19
09O	17	20
09O	17	21
09O	17	22
09O	17	23
09O	17	24
09O	17	25
09O	17	26
09O	17	27
09O	17	28
09O	17	29
09O	17	30
09O	17	31
09O	17	41
09O	17	45
09O	17	45
09O	17	46
09O	17	50
09O	17	55
09O	17	56
09O	17	57
09O	17	58
09O	18	1
09O	18	2
09O	18	3
09O	18	4
09O	18	5
09O	18	10
09O	18	11
09O	18	17
09O	18	18
09O	18	19
09O	18	30
09O	19	10
09O	19	10
09O	19	11
09O	20	42
09O	20	42
09O	21	1
09O	21	2
09O	21	3
09O	21	4
09O	21	5
09O	21	6
09O	21	7
09O	21	8
09O	21	9
09O	21	10
09O	21	11
09O	21	12
09O	21	13
09O	21	14
09O	21	15
09O	23	12
09O	23	29
09O	24	1
09O	24	2
09O	24	3
09O	24	4
09O	24	5
09O	24	6
09O	24	7
09O	24	8
09O	24	9
09O	24	10
09O	24	11
09O	24	12
09O	24	13
09O	24	14
09O	24	15
09O	24	16
09O	24	17
09O	24	18
09O	24	19
09O	24	20
09O	24	21
09O	24	22
09O	30	28
09O	30	28
10O	3	24
10O	3	24
10O	3	25
10O	5	14
10O	5	14
10O	5	15
10O	5	15
10O	5	16
10O	5	16
10O	7	11
10O	7	11
10O	7	12
10O	15	19
10O	15	19
10O	15	20
10O	18	33
10O	19	1
10O	19	2
10O	19	3
10O	19	4
10O	19	5
10O	19	6
10O	19	7
10O	19	8
10O	19	9
10O	19	10
10O	19	11
10O	19	11
10O	19	12
10O	19	13
10O	19	14
10O	19	15
10O	19	16
10O	19	17
10O	19	18
10O	19	19
10O	19	20
10O	19	21
10O	19	22
10O	19	23
10O	19	24
10O	19	25
10O	19	26
10O	19	27
10O	19	28
10O	19	29
10O	19	30
10O	19	31
10O	19	32
10O	19	33
10O	19	34
10O	19	35
10O	19	36
10O	19	37
10O	19	38
10O	19	39
10O	19	40
10O	19	41
10O	19	42
10O	19	43
10O	20	18
10O	20	19
10O	20	19
10O	22	38
10O	22	39
10O	22	39
10O	23	5
10O	23	6
10O	23	6
10O	23	8
10O	23	8
10O	23	14
10O	23	14
10O	23	15
10O	23	24
11O	2	35
11O	2	35
11O	2	35
11O	2	35
11O	2	35
11O	2	35
11O	2	35
11O	2	35
11O	2	35
11O	2	46
11O	2	46
11O	2	46
11O	2	46
11O	2	46
11O	3	1
11O	3	1
11O	3	1
11O	3	4
11O	3	5
11O	3	5
11O	4	17
11O	4	17
11O	4	19
11O	4	20
11O	4	21
11O	4	21
11O	4	21
11O	4	22
11O	4	23
11O	4	24
11O	4	24
11O	4	25
11O	4	26
11O	4	27
11O	4	28
11O	4	29
11O	4	30
11O	4	31
11O	4	32
11O	4	33
11O	4	34
11O	4	34
11O	4	34
11O	5	1
11O	5	2
11O	5	3
11O	5	4
11O	5	5
11O	5	6
11O	5	7
11O	5	8
11O	5	9
11O	5	10
11O	5	11
11O	5	12
11O	5	13
11O	5	14
11O	5	15
11O	5	16
11O	5	17
11O	5	18
11O	5	18
11O	6	3
11O	6	11
11O	6	12
11O	6	13
11O	6	14
11O	6	18
11O	6	36
11O	6	36
11O	6	37
11O	6	38
11O	7	1
11O	7	1
11O	7	2
11O	7	3
11O	7	4
11O	7	5
11O	7	6
11O	7	7
11O	7	8
11O	7	9
11O	7	10
11O	7	11
11O	7	12
11O	7	13
11O	7	14
11O	7	15
11O	7	16
11O	7	17
11O	7	18
11O	7	19
11O	7	20
11O	7	21
11O	7	22
11O	7	23
11O	7	24
11O	7	25
11O	7	26
11O	7	27
11O	7	28
11O	7	29
11O	7	30
11O	7	31
11O	7	32
11O	7	33
11O	7	34
11O	7	35
11O	7	36
11O	7	36
11O	7	37
11O	7	38
11O	7	39
11O	7	40
11O	7	41
11O	7	42
11O	7	43
11O	7	44
11O	7	45
11O	7	46
11O	7	47
11O	7	48
11O	7	49
11O	7	50
11O	7	51
11O	8	12
11O	8	13
11O	9	15
11O	9	15
11O	9	16
11O	9	17
11O	9	17
11O	9	17
11O	9	18
11O	9	18
11O	9	18
11O	9	19
11O	9	20
11O	9	21
11O	9	22
11O	9	23
11O	9	24
11O	9	24
11O	9	25
11O	11	1
11O	11	3
11O	11	5
11O	11	5
11O	11	6
11O	11	7
11O	11	8
11O	11	14
11O	11	23
11O	11	24
11O	11	25
11O	11	25
11O	11	39
11O	11	43
11O	12	2
11O	12	17
11O	12	24
11O	12	24
11O	12	24
11O	12	24
11O	12	24
11O	12	24
11O	12	24
11O	12	24
11O	12	24
11O	12	24
11O	12	24
11O	12	24
11O	12	24
11O	12	24
11O	12	24
11O	12	24
11O	12	24
11O	12	24
11O	12	24
11O	12	24
11O	13	27
11O	14	1
11O	14	2
11O	14	3
11O	14	4
11O	14	4
11O	14	5
11O	14	6
11O	14	7
11O	14	8
11O	14	9
11O	14	10
11O	14	11
11O	14	12
11O	14	13
11O	14	14
11O	14	15
11O	14	16
11O	14	17
11O	14	18
11O	14	19
11O	14	20
11O	15	6
11O	15	32
11O	16	28
11O	16	28
11O	16	28
11O	16	28
11O	16	28
11O	18	30
11O	18	30
11O	18	32
11O	20	1
11O	20	2
11O	20	3
11O	20	4
11O	20	5
11O	20	6
11O	20	7
11O	20	8
11O	20	9
11O	20	10
11O	20	11
11O	20	12
11O	20	13
11O	20	14
11O	20	15
11O	20	16
11O	20	17
11O	20	18
11O	20	19
11O	20	20
11O	20	21
11O	20	22
11O	20	23
11O	20	24
11O	20	25
11O	20	26
11O	20	27
11O	20	28
11O	20	29
11O	20	30
11O	20	31
11O	20	32
11O	20	33
11O	20	34
11O	20	35
11O	20	36
11O	20	37
11O	20	38
11O	20	39
11O	20	40
11O	20	41
11O	20	42
11O	20	43
11O	21	1
11O	21	2
11O	21	3
11O	21	4
11O	21	5
11O	21	6
11O	21	7
11O	21	8
11O	21	9
11O	21	10
11O	21	11
11O	21	12
11O	21	13
11O	21	14
11O	21	15
11O	21	16
11O	21	17
11O	21	18
11O	21	19
11O	21	20
11O	21	21
11O	21	22
11O	21	23
11O	21	24
11O	21	25
11O	21	26
11O	21	27
11O	21	28
11O	21	29
11O	22	43
11O	22	43
11O	22	44
11O	22	45
11O	22	46
11O	22	47
11O	22	47
11O	22	48
11O	22	49
11O	22	50
11O	22	51
11O	22	52
11O	22	53
12O	1	18
12O	1	18
12O	1	18
12O	1	18
12O	1	18
12O	4	24
12O	4	24
12O	4	25
12O	5	17
12O	5	18
12O	5	18
12O	11	21
12O	12	1
12O	12	2
12O	12	3
12O	12	4
12O	12	5
12O	12	6
12O	12	7
12O	12	8
12O	12	9
12O	12	10
12O	12	11
12O	12	12
12O	12	13
12O	12	14
12O	12	15
12O	12	16
12O	12	17
12O	12	18
12O	12	19
12O	12	20
12O	12	21
13O	1	11
13O	1	12
13O	1	13
13O	1	14
13O	1	15
13O	1	16
13O	1	18
13O	1	19
13O	1	20
13O	1	21
13O	1	22
13O	1	23
13O	2	9
13O	2	10
13O	2	10
13O	5	4
13O	5	4
13O	5	5
13O	5	5
13O	5	6
13O	5	14
13O	5	14
13O	5	15
13O	6	1
13O	6	2
13O	6	3
13O	6	4
13O	6	5
13O	6	6
13O	6	7
13O	6	8
13O	6	9
13O	6	10
13O	6	11
13O	6	12
13O	6	13
13O	6	14
13O	6	15
13O	6	16
13O	6	17
13O	6	18
13O	6	19
13O	6	20
13O	6	21
13O	6	22
13O	6	23
13O	6	24
13O	6	25
13O	6	26
13O	6	27
13O	6	28
13O	6	29
13O	6	30
13O	6	31
13O	6	32
13O	6	33
13O	6	34
13O	6	35
13O	6	36
13O	6	37
13O	6	38
13O	6	39
13O	6	40
13O	6	41
13O	6	42
13O	6	43
13O	6	44
13O	6	45
13O	6	46
13O	6	47
13O	6	48
13O	6	49
13O	6	50
13O	6	51
13O	6	52
13O	6	53
13O	6	54
13O	6	55
13O	6	56
13O	6	57
13O	6	58
13O	6	59
13O	6	60
13O	6	61
13O	6	62
13O	6	63
13O	6	64
13O	6	65
13O	6	66
13O	6	67
13O	6	68
13O	6	69
13O	6	70
13O	6	71
13O	6	72
13O	6	73
13O	6	74
13O	6	75
13O	6	76
13O	6	77
13O	6	78
13O	6	79
13O	6	80
13O	6	81
13O	12	4
13O	12	4
13O	12	5
13O	12	6
13O	12	7
13O	12	8
13O	12	9
13O	12	10
13O	12	11
13O	12	12
13O	12	13
13O	12	14
13O	12	15
13O	12	16
13O	12	17
13O	12	18
13O	12	19
13O	12	20
13O	12	21
13O	12	22
13O	12	23
13O	12	24
13O	12	25
13O	12	26
13O	12	27
13O	12	28
13O	12	29
13O	12	30
13O	12	31
13O	12	32
13O	12	33
13O	12	34
13O	12	35
13O	12	36
13O	12	37
13O	12	38
13O	12	39
13O	12	40
13O	16	24
13O	27	4
13O	27	5
13O	27	5
14O	2	1
14O	2	2
14O	2	3
14O	2	4
14O	2	5
14O	2	6
14O	2	7
14O	2	8
14O	2	9
14O	2	10
14O	2	11
14O	2	12
14O	2	13
14O	2	14
14O	2	15
14O	2	16
14O	2	17
14O	2	18
14O	8	7
14O	8	7
14O	8	8
14O	11	22
14O	11	23
14O	11	23
14O	14	1
14O	14	2
14O	14	3
14O	14	4
14O	14	5
14O	14	6
14O	14	7
14O	14	8
14O	14	9
14O	14	10
14O	14	11
14O	14	12
14O	14	13
14O	14	14
14O	14	15
14O	20	35
14O	20	35
14O	20	36
14O	27	8
14O	29	9
14O	29	9
14O	29	10
14O	30	18
14O	30	18
14O	30	19
14O	32	4
14O	32	5
14O	32	5
14O	35	19
14O	35	19
14O	35	19
14O	35	19
14O	35	19
14O	36	2
14O	36	2
14O	36	2
14O	36	2
14O	36	4
14O	36	4
14O	36	5
14O	36	5
14O	36	5
14O	36	5
14O	36	5
15O	5	11
15O	5	12
15O	5	12
16O	1	1
16O	1	2
16O	1	3
16O	1	4
16O	1	5
16O	1	6
16O	1	7
16O	1	8
16O	1	9
16O	1	10
16O	1	11
16O	2	1
16O	2	2
16O	2	3
16O	2	4
16O	2	5
16O	2	6
16O	2	7
16O	2	8
16O	2	9
16O	2	10
16O	2	11
16O	2	12
16O	2	13
16O	2	14
16O	2	15
16O	2	16
16O	2	17
16O	2	18
16O	2	19
16O	2	20
16O	3	1
16O	3	2
16O	3	3
16O	3	4
16O	3	5
16O	3	6
16O	3	7
16O	3	8
16O	3	9
16O	3	10
16O	3	11
16O	3	12
16O	3	13
16O	3	14
16O	3	15
16O	3	16
16O	3	17
16O	3	18
16O	3	19
16O	3	20
16O	3	21
16O	3	22
16O	3	23
16O	3	24
16O	3	25
16O	3	26
16O	3	27
16O	3	28
16O	3	29
16O	3	30
16O	3	31
16O	3	32
16O	4	1
16O	4	2
16O	4	2
16O	4	3
16O	4	4
16O	4	5
16O	4	6
16O	4	7
16O	4	8
16O	4	9
16O	4	10
16O	4	11
16O	4	12
16O	4	13
16O	4	14
16O	4	15
16O	4	16
16O	4	17
16O	4	18
16O	4	19
16O	4	20
16O	4	21
16O	4	22
16O	4	23
16O	5	1
16O	5	2
16O	5	3
16O	5	4
16O	5	5
16O	5	6
16O	5	7
16O	5	8
16O	5	9
16O	5	10
16O	5	11
16O	5	12
16O	5	13
16O	5	14
16O	5	15
16O	5	16
16O	5	17
16O	5	18
16O	5	19
16O	6	1
16O	6	2
16O	6	3
16O	6	4
16O	6	5
16O	6	6
16O	6	6
16O	6	7
16O	6	8
16O	6	9
16O	6	10
16O	6	11
16O	6	12
16O	6	13
16O	6	14
16O	6	15
16O	6	16
16O	6	17
16O	6	18
16O	6	19
16O	7	1
16O	7	2
16O	7	3
16O	7	4
16O	7	5
16O	7	6
16O	7	7
16O	7	8
16O	7	9
16O	7	10
16O	7	11
16O	7	12
16O	7	13
16O	7	14
16O	7	15
16O	7	16
16O	7	17
16O	7	18
16O	7	19
16O	7	20
16O	7	21
16O	7	22
16O	7	23
16O	7	24
16O	7	25
16O	7	26
16O	7	27
16O	7	28
16O	7	29
16O	7	30
16O	7	31
16O	7	32
16O	7	33
16O	7	34
16O	7	35
16O	7	36
16O	7	37
16O	7	38
16O	7	39
16O	7	40
16O	7	41
16O	7	42
16O	7	43
16O	7	44
16O	7	45
16O	7	46
16O	7	47
16O	7	48
16O	7	49
16O	7	50
16O	7	51
16O	7	52
16O	7	53
16O	7	54
16O	7	55
16O	7	56
16O	7	57
16O	7	58
16O	7	59
16O	7	60
16O	7	61
16O	7	62
16O	7	63
16O	7	64
16O	7	65
16O	7	66
16O	7	67
16O	7	68
16O	7	69
16O	7	70
16O	7	71
16O	7	72
16O	7	73
16O	8	1
16O	8	2
16O	8	3
16O	8	4
16O	8	5
16O	8	6
16O	8	7
16O	8	8
16O	8	9
16O	8	10
16O	8	11
16O	8	12
16O	8	13
16O	8	14
16O	8	15
16O	8	16
16O	8	17
16O	8	18
16O	9	1
16O	9	2
16O	9	3
16O	9	4
16O	9	5
16O	9	6
16O	9	7
16O	9	8
16O	9	9
16O	9	10
16O	9	11
16O	9	12
16O	9	13
16O	9	14
16O	9	15
16O	9	16
16O	9	17
16O	9	18
16O	9	19
16O	9	20
16O	9	21
16O	9	22
16O	9	23
16O	9	24
16O	9	25
16O	9	26
16O	9	27
16O	9	28
16O	9	29
16O	9	30
16O	9	31
16O	9	32
16O	9	33
16O	9	34
16O	9	35
16O	9	36
16O	9	37
16O	9	38
16O	10	1
16O	10	2
16O	10	3
16O	10	4
16O	10	5
16O	10	6
16O	10	7
16O	10	8
16O	10	9
16O	10	10
16O	10	11
16O	10	12
16O	10	13
16O	10	14
16O	10	15
16O	10	16
16O	10	17
16O	10	18
16O	10	19
16O	10	20
16O	10	21
16O	10	22
16O	10	23
16O	10	24
16O	10	25
16O	10	26
16O	10	27
16O	10	28
16O	10	29
16O	10	30
16O	10	31
16O	10	32
16O	10	33
16O	10	34
16O	10	35
16O	10	36
16O	10	37
16O	10	38
16O	10	39
16O	11	1
16O	11	2
16O	11	3
16O	11	4
16O	11	5
16O	11	6
16O	11	7
16O	11	8
16O	11	9
16O	11	10
16O	11	11
16O	11	12
16O	11	13
16O	11	14
16O	11	15
16O	11	16
16O	11	17
16O	11	18
16O	11	19
16O	11	20
16O	11	21
16O	11	22
16O	11	23
16O	11	24
16O	11	25
16O	11	26
16O	11	27
16O	11	28
16O	11	29
16O	11	30
16O	11	31
16O	11	32
16O	11	33
16O	11	34
16O	11	35
16O	11	36
16O	12	1
16O	12	2
16O	12	3
16O	12	4
16O	12	5
16O	12	6
16O	12	7
16O	12	8
16O	12	9
16O	12	10
16O	12	11
16O	12	12
16O	12	13
16O	12	14
16O	12	15
16O	12	16
16O	12	17
16O	12	18
16O	12	19
16O	12	20
16O	12	21
16O	12	22
16O	12	23
16O	12	24
16O	12	25
16O	12	26
16O	12	27
16O	12	28
16O	12	29
16O	12	30
16O	12	31
16O	12	32
16O	12	33
16O	12	34
16O	12	35
16O	12	36
16O	12	37
16O	12	38
16O	12	39
16O	12	40
16O	12	41
16O	12	42
16O	12	43
16O	12	44
16O	12	45
16O	12	46
16O	12	47
16O	13	1
16O	13	2
16O	13	3
16O	13	4
16O	13	5
16O	13	6
16O	13	7
16O	13	8
16O	13	9
16O	13	10
16O	13	11
16O	13	12
16O	13	13
16O	13	14
16O	13	15
16O	13	16
16O	13	17
16O	13	18
16O	13	19
16O	13	20
16O	13	21
16O	13	22
16O	13	23
16O	13	24
16O	13	25
16O	13	26
16O	13	27
16O	13	28
16O	13	29
16O	13	30
16O	13	31
17O	1	17
17O	1	17
17O	1	18
17O	4	6
17O	5	1
17O	5	2
17O	9	1
17O	9	1
17O	9	2
17O	9	5
17O	9	16
17O	9	17
17O	9	17
17O	9	27
17O	9	28
17O	9	28
17O	9	30
17O	9	31
17O	9	31
17O	9	32
18O	1	20
18O	1	21
18O	1	21
18O	2	9
18O	2	9
18O	2	9
18O	2	9
18O	2	9
18O	2	9
18O	3	5
18O	3	5
18O	3	6
18O	3	22
18O	3	22
18O	3	23
18O	12	5
18O	12	6
18O	12	6
18O	15	23
18O	15	24
18O	15	24
18O	16	9
18O	16	9
18O	16	10
18O	17	1
18O	17	2
18O	17	2
18O	18	11
18O	18	12
18O	18	12
18O	19	4
18O	19	4
18O	19	25
18O	19	25
18O	19	26
18O	23	10
18O	23	10
18O	23	11
18O	23	14
18O	23	15
18O	23	15
18O	24	19
18O	24	19
18O	24	20
18O	28	24
18O	28	25
18O	28	25
18O	30	4
18O	30	5
18O	30	5
18O	31	19
18O	31	19
18O	31	20
18O	31	36
18O	31	37
18O	31	37
18O	32	13
18O	32	13
18O	32	14
18O	32	17
18O	32	17
18O	32	18
18O	33	14
18O	33	14
18O	33	15
18O	36	18
18O	36	18
18O	36	19
18O	36	28
18O	36	28
18O	36	28
18O	39	21
18O	39	21
18O	39	22
18O	39	27
18O	39	28
18O	39	28
18O	41	1
18O	41	2
18O	41	3
18O	41	4
18O	41	5
18O	41	6
18O	41	7
18O	41	8
18O	41	9
18O	41	10
18O	41	11
18O	41	12
18O	41	13
18O	41	14
18O	41	15
18O	41	16
18O	41	17
18O	41	18
18O	41	19
18O	41	20
18O	41	21
18O	41	22
18O	41	23
18O	41	24
18O	41	25
18O	41	26
18O	41	27
18O	41	28
18O	41	29
18O	41	30
18O	41	31
18O	41	32
18O	41	33
18O	41	34
18O	42	17
18O	42	17
18O	42	17
18O	42	17
18O	42	17
18O	42	17
19O	3	1
19O	3	1
19O	3	2
19O	3	3
19O	3	4
19O	3	5
19O	3	6
19O	3	7
19O	3	8
19O	4	1
19O	4	1
19O	4	2
19O	4	3
19O	4	4
19O	4	5
19O	4	6
19O	4	7
19O	4	8
19O	5	1
19O	5	1
19O	5	2
19O	5	3
19O	5	4
19O	5	5
19O	5	6
19O	5	7
19O	5	8
19O	5	9
19O	5	10
19O	5	11
19O	5	12
19O	6	1
19O	6	1
19O	6	2
19O	6	3
19O	6	4
19O	6	5
19O	6	6
19O	6	7
19O	6	8
19O	6	9
19O	6	10
19O	7	1
19O	7	1
19O	7	2
19O	7	3
19O	7	4
19O	7	5
19O	7	6
19O	7	7
19O	7	8
19O	7	9
19O	7	10
19O	7	11
19O	7	12
19O	7	13
19O	7	14
19O	7	15
19O	7	16
19O	7	17
19O	8	1
19O	8	1
19O	8	2
19O	8	3
19O	8	4
19O	8	5
19O	8	6
19O	8	7
19O	8	8
19O	8	9
19O	9	1
19O	9	1
19O	9	2
19O	9	3
19O	9	4
19O	9	5
19O	9	6
19O	9	7
19O	9	8
19O	9	9
19O	9	10
19O	9	11
19O	9	12
19O	9	13
19O	9	14
19O	9	15
19O	9	16
19O	9	17
19O	9	18
19O	9	19
19O	9	20
19O	10	1
19O	10	2
19O	10	3
19O	10	4
19O	10	5
19O	10	6
19O	10	7
19O	10	8
19O	10	9
19O	10	10
19O	10	11
19O	10	12
19O	10	13
19O	10	14
19O	10	15
19O	10	16
19O	10	17
19O	10	18
19O	11	1
19O	11	2
19O	11	3
19O	11	4
19O	11	5
19O	11	6
19O	11	7
19O	12	1
19O	12	1
19O	12	2
19O	12	3
19O	12	4
19O	12	5
19O	12	6
19O	12	7
19O	12	8
19O	13	1
19O	13	2
19O	13	3
19O	13	4
19O	13	5
19O	13	6
19O	14	1
19O	14	2
19O	14	3
19O	14	4
19O	14	5
19O	14	6
19O	14	7
19O	15	1
19O	15	2
19O	15	3
19O	15	4
19O	15	5
19O	16	1
19O	16	2
19O	16	3
19O	16	4
19O	16	5
19O	16	6
19O	16	7
19O	16	8
19O	16	9
19O	16	10
19O	16	11
19O	17	1
19O	17	2
19O	17	3
19O	17	4
19O	17	5
19O	17	6
19O	17	7
19O	17	8
19O	17	9
19O	17	10
19O	17	11
19O	17	12
19O	17	13
19O	17	14
19O	17	15
19O	18	1
19O	18	1
19O	18	2
19O	18	3
19O	18	4
19O	18	5
19O	18	6
19O	18	7
19O	18	8
19O	18	9
19O	18	10
19O	18	11
19O	18	12
19O	18	13
19O	18	14
19O	18	15
19O	18	16
19O	18	17
19O	18	18
19O	18	19
19O	18	20
19O	18	21
19O	18	22
19O	18	23
19O	18	24
19O	18	25
19O	18	26
19O	18	27
19O	18	28
19O	18	29
19O	18	30
19O	18	31
19O	18	32
19O	18	33
19O	18	34
19O	18	35
19O	18	36
19O	18	37
19O	18	38
19O	18	39
19O	18	40
19O	18	41
19O	18	42
19O	18	43
19O	18	44
19O	18	45
19O	18	46
19O	18	47
19O	18	48
19O	18	49
19O	18	50
19O	19	1
19O	19	1
19O	19	2
19O	19	3
19O	19	4
19O	19	5
19O	19	6
19O	19	7
19O	19	8
19O	19	9
19O	19	10
19O	19	11
19O	19	12
19O	19	13
19O	19	14
19O	20	1
19O	20	1
19O	20	2
19O	20	3
19O	20	4
19O	20	5
19O	20	6
19O	20	7
19O	20	8
19O	20	9
19O	21	1
19O	21	1
19O	21	2
19O	21	3
19O	21	4
19O	21	5
19O	21	6
19O	21	7
19O	21	8
19O	21	9
19O	21	10
19O	21	11
19O	21	12
19O	21	13
19O	22	1
19O	22	1
19O	22	2
19O	22	3
19O	22	4
19O	22	5
19O	22	6
19O	22	7
19O	22	8
19O	22	9
19O	22	10
19O	22	11
19O	22	12
19O	22	13
19O	22	14
19O	22	15
19O	22	16
19O	22	17
19O	22	18
19O	22	19
19O	22	20
19O	22	21
19O	22	22
19O	22	23
19O	22	24
19O	22	25
19O	22	26
19O	22	27
19O	22	28
19O	22	29
19O	22	30
19O	22	31
19O	23	1
19O	23	2
19O	23	3
19O	23	4
19O	23	5
19O	23	6
19O	24	1
19O	24	2
19O	24	3
19O	24	4
19O	24	5
19O	24	6
19O	24	7
19O	24	8
19O	24	9
19O	24	10
19O	25	1
19O	25	2
19O	25	3
19O	25	4
19O	25	5
19O	25	6
19O	25	7
19O	25	8
19O	25	9
19O	25	10
19O	25	11
19O	25	12
19O	25	13
19O	25	14
19O	25	15
19O	25	16
19O	25	17
19O	25	18
19O	25	19
19O	25	20
19O	25	21
19O	25	22
19O	26	1
19O	26	2
19O	26	3
19O	26	4
19O	26	5
19O	26	6
19O	26	7
19O	26	8
19O	26	9
19O	26	10
19O	26	11
19O	26	12
19O	27	1
19O	27	2
19O	27	3
19O	27	4
19O	27	5
19O	27	6
19O	27	7
19O	27	8
19O	27	9
19O	27	10
19O	27	11
19O	27	12
19O	27	13
19O	27	14
19O	28	1
19O	28	2
19O	28	3
19O	28	4
19O	28	5
19O	28	6
19O	28	7
19O	28	8
19O	28	9
19O	29	1
19O	29	2
19O	29	3
19O	29	4
19O	29	5
19O	29	6
19O	29	7
19O	29	8
19O	29	9
19O	29	10
19O	29	11
19O	30	1
19O	30	1
19O	30	2
19O	30	3
19O	30	4
19O	30	5
19O	30	6
19O	30	7
19O	30	8
19O	30	9
19O	30	10
19O	30	11
19O	30	12
19O	31	1
19O	31	1
19O	31	2
19O	31	3
19O	31	4
19O	31	5
19O	31	6
19O	31	7
19O	31	8
19O	31	9
19O	31	10
19O	31	11
19O	31	12
19O	31	13
19O	31	14
19O	31	15
19O	31	16
19O	31	17
19O	31	18
19O	31	19
19O	31	20
19O	31	21
19O	31	22
19O	31	23
19O	31	24
19O	32	1
19O	32	2
19O	32	3
19O	32	4
19O	32	5
19O	32	6
19O	32	7
19O	32	8
19O	32	9
19O	32	10
19O	32	11
19O	33	1
19O	33	2
19O	33	3
19O	33	4
19O	33	5
19O	33	6
19O	33	7
19O	33	8
19O	33	9
19O	33	10
19O	33	11
19O	33	12
19O	33	13
19O	33	14
19O	33	15
19O	33	16
19O	33	17
19O	33	18
19O	33	19
19O	33	20
19O	33	21
19O	33	22
19O	34	1
19O	34	1
19O	34	2
19O	34	3
19O	34	4
19O	34	5
19O	34	6
19O	34	7
19O	34	8
19O	34	9
19O	34	10
19O	34	11
19O	34	12
19O	34	13
19O	34	14
19O	34	15
19O	34	16
19O	34	17
19O	34	18
19O	34	19
19O	34	20
19O	34	21
19O	34	22
19O	35	1
19O	35	2
19O	35	3
19O	35	4
19O	35	5
19O	35	6
19O	35	7
19O	35	8
19O	35	9
19O	35	10
19O	35	11
19O	35	12
19O	35	13
19O	35	14
19O	35	15
19O	35	16
19O	35	17
19O	35	18
19O	35	19
19O	35	20
19O	35	21
19O	35	22
19O	35	23
19O	35	24
19O	35	25
19O	35	26
19O	35	27
19O	35	28
19O	36	1
19O	36	1
19O	36	2
19O	36	3
19O	36	4
19O	36	5
19O	36	6
19O	36	7
19O	36	8
19O	36	9
19O	36	10
19O	36	11
19O	36	12
19O	37	1
19O	37	2
19O	37	3
19O	37	4
19O	37	5
19O	37	6
19O	37	7
19O	37	8
19O	37	9
19O	37	10
19O	37	11
19O	37	12
19O	37	13
19O	37	14
19O	37	15
19O	37	16
19O	37	17
19O	37	18
19O	37	19
19O	37	20
19O	37	21
19O	37	22
19O	37	23
19O	37	24
19O	37	25
19O	37	26
19O	37	27
19O	37	28
19O	37	29
19O	37	30
19O	37	31
19O	37	32
19O	37	33
19O	37	34
19O	37	35
19O	37	36
19O	37	37
19O	37	38
19O	37	39
19O	37	40
19O	38	1
19O	38	1
19O	38	2
19O	38	3
19O	38	4
19O	38	5
19O	38	6
19O	38	7
19O	38	8
19O	38	9
19O	38	10
19O	38	11
19O	38	12
19O	38	13
19O	38	14
19O	38	15
19O	38	16
19O	38	17
19O	38	18
19O	38	19
19O	38	20
19O	38	21
19O	38	22
19O	39	1
19O	39	1
19O	39	2
19O	39	3
19O	39	4
19O	39	5
19O	39	6
19O	39	7
19O	39	8
19O	39	9
19O	39	10
19O	39	11
19O	39	12
19O	39	13
19O	40	1
19O	40	1
19O	40	2
19O	40	3
19O	40	4
19O	40	5
19O	40	6
19O	40	7
19O	40	8
19O	40	9
19O	40	10
19O	40	11
19O	40	12
19O	40	13
19O	40	14
19O	40	15
19O	40	16
19O	40	17
19O	41	1
19O	41	1
19O	41	2
19O	41	3
19O	41	4
19O	41	5
19O	41	6
19O	41	7
19O	41	8
19O	41	9
19O	41	10
19O	41	11
19O	41	12
19O	41	13
19O	42	1
19O	42	1
19O	42	2
19O	42	3
19O	42	4
19O	42	5
19O	42	6
19O	42	7
19O	42	8
19O	42	9
19O	42	10
19O	42	11
19O	43	1
19O	43	2
19O	43	3
19O	43	4
19O	43	5
19O	44	1
19O	44	1
19O	44	2
19O	44	3
19O	44	4
19O	44	5
19O	44	6
19O	44	7
19O	44	8
19O	44	9
19O	44	10
19O	44	11
19O	44	12
19O	44	13
19O	44	14
19O	44	15
19O	44	16
19O	44	17
19O	44	18
19O	44	19
19O	44	20
19O	44	21
19O	44	22
19O	44	23
19O	44	24
19O	44	25
19O	44	26
19O	45	1
19O	45	1
19O	45	2
19O	45	3
19O	45	4
19O	45	5
19O	45	6
19O	45	7
19O	45	8
19O	45	9
19O	45	10
19O	45	11
19O	45	12
19O	45	13
19O	45	14
19O	45	15
19O	45	16
19O	45	17
19O	46	1
19O	46	1
19O	46	2
19O	46	3
19O	46	4
19O	46	5
19O	46	6
19O	46	7
19O	46	8
19O	46	9
19O	46	10
19O	46	11
19O	47	1
19O	47	1
19O	47	2
19O	47	3
19O	47	4
19O	47	5
19O	47	6
19O	47	7
19O	47	8
19O	47	9
19O	48	1
19O	48	1
19O	48	2
19O	48	3
19O	48	4
19O	48	5
19O	48	6
19O	48	7
19O	48	8
19O	48	9
19O	48	10
19O	48	11
19O	48	12
19O	48	13
19O	48	14
19O	49	1
19O	49	1
19O	49	2
19O	49	3
19O	49	4
19O	49	5
19O	49	6
19O	49	7
19O	49	8
19O	49	9
19O	49	10
19O	49	11
19O	49	12
19O	49	13
19O	49	14
19O	49	15
19O	49	16
19O	49	17
19O	49	18
19O	49	19
19O	49	20
19O	50	1
19O	50	2
19O	50	3
19O	50	4
19O	50	5
19O	50	6
19O	50	7
19O	50	8
19O	50	9
19O	50	10
19O	50	11
19O	50	12
19O	50	13
19O	50	14
19O	50	15
19O	50	16
19O	50	17
19O	50	18
19O	50	19
19O	50	20
19O	50	21
19O	50	22
19O	50	23
19O	51	1
19O	51	1
19O	51	1
19O	51	2
19O	51	3
19O	51	4
19O	51	5
19O	51	6
19O	51	7
19O	51	8
19O	51	9
19O	51	10
19O	51	11
19O	51	12
19O	51	13
19O	51	14
19O	51	15
19O	51	16
19O	51	17
19O	51	18
19O	51	19
19O	52	1
19O	52	1
19O	52	1
19O	52	2
19O	52	3
19O	52	4
19O	52	5
19O	52	6
19O	52	7
19O	52	8
19O	52	9
19O	53	1
19O	53	1
19O	53	2
19O	53	3
19O	53	4
19O	53	5
19O	53	6
19O	54	1
19O	54	2
19O	54	2
19O	54	2
19O	54	3
19O	54	4
19O	54	5
19O	54	6
19O	54	7
19O	55	1
19O	55	1
19O	55	2
19O	55	3
19O	55	4
19O	55	5
19O	55	6
19O	55	7
19O	55	8
19O	55	9
19O	55	10
19O	55	11
19O	55	12
19O	55	13
19O	55	14
19O	55	15
19O	55	16
19O	55	17
19O	55	18
19O	55	19
19O	55	20
19O	55	21
19O	55	22
19O	55	23
19O	56	1
19O	56	1
19O	56	2
19O	56	3
19O	56	4
19O	56	5
19O	56	6
19O	56	7
19O	56	8
19O	56	9
19O	56	10
19O	56	11
19O	56	12
19O	56	13
19O	57	1
19O	57	1
19O	57	2
19O	57	3
19O	57	4
19O	57	5
19O	57	6
19O	57	7
19O	57	8
19O	57	9
19O	57	10
19O	57	11
19O	58	1
19O	58	1
19O	58	2
19O	58	3
19O	58	4
19O	58	5
19O	58	6
19O	58	7
19O	58	8
19O	58	9
19O	58	10
19O	58	11
19O	59	1
19O	59	1
19O	59	2
19O	59	3
19O	59	4
19O	59	5
19O	59	6
19O	59	7
19O	59	8
19O	59	9
19O	59	10
19O	59	11
19O	59	12
19O	59	13
19O	59	14
19O	59	15
19O	59	16
19O	59	17
19O	60	1
19O	60	1
19O	60	1
19O	60	2
19O	60	3
19O	60	4
19O	60	5
19O	60	6
19O	60	7
19O	60	8
19O	60	9
19O	60	10
19O	60	11
19O	60	12
19O	61	1
19O	61	1
19O	61	2
19O	61	3
19O	61	4
19O	61	5
19O	61	6
19O	61	7
19O	61	8
19O	62	1
19O	62	1
19O	62	2
19O	62	3
19O	62	4
19O	62	5
19O	62	6
19O	62	7
19O	62	8
19O	62	9
19O	62	10
19O	62	11
19O	62	12
19O	63	1
19O	63	1
19O	63	2
19O	63	3
19O	63	4
19O	63	5
19O	63	6
19O	63	7
19O	63	8
19O	63	9
19O	63	10
19O	63	11
19O	64	1
19O	64	1
19O	64	2
19O	64	3
19O	64	4
19O	64	5
19O	64	6
19O	64	7
19O	64	8
19O	64	9
19O	64	10
19O	65	1
19O	65	1
19O	65	2
19O	65	3
19O	65	4
19O	65	5
19O	65	6
19O	65	7
19O	65	8
19O	65	9
19O	65	10
19O	65	11
19O	65	12
19O	65	13
19O	66	1
19O	66	2
19O	66	3
19O	66	4
19O	66	5
19O	66	6
19O	66	7
19O	66	8
19O	66	9
19O	66	10
19O	66	11
19O	66	12
19O	66	13
19O	66	14
19O	66	15
19O	66	16
19O	66	17
19O	66	18
19O	66	19
19O	66	20
19O	67	1
19O	67	1
19O	67	2
19O	67	3
19O	67	4
19O	67	5
19O	67	6
19O	67	7
19O	68	1
19O	68	1
19O	68	2
19O	68	3
19O	68	4
19O	68	5
19O	68	6
19O	68	7
19O	68	8
19O	68	9
19O	68	10
19O	68	11
19O	68	12
19O	68	13
19O	68	14
19O	68	15
19O	68	16
19O	68	17
19O	68	18
19O	68	19
19O	68	20
19O	68	21
19O	68	22
19O	68	23
19O	68	24
19O	68	25
19O	68	26
19O	68	27
19O	68	28
19O	68	29
19O	68	30
19O	68	31
19O	68	32
19O	68	33
19O	68	34
19O	68	35
19O	69	1
19O	69	1
19O	69	2
19O	69	3
19O	69	4
19O	69	5
19O	69	6
19O	69	7
19O	69	8
19O	69	9
19O	69	10
19O	69	11
19O	69	12
19O	69	13
19O	69	14
19O	69	15
19O	69	16
19O	69	17
19O	69	18
19O	69	19
19O	69	20
19O	69	21
19O	69	22
19O	69	23
19O	69	24
19O	69	25
19O	69	26
19O	69	27
19O	69	28
19O	69	29
19O	69	30
19O	69	31
19O	69	32
19O	69	33
19O	69	34
19O	69	35
19O	69	36
19O	70	1
19O	70	1
19O	70	2
19O	70	3
19O	70	4
19O	70	5
19O	71	1
19O	71	2
19O	71	3
19O	71	4
19O	71	5
19O	71	6
19O	71	7
19O	71	8
19O	71	9
19O	71	10
19O	71	11
19O	71	12
19O	71	13
19O	71	14
19O	71	15
19O	71	16
19O	71	17
19O	71	18
19O	71	19
19O	71	20
19O	71	21
19O	71	22
19O	71	23
19O	71	24
19O	72	1
19O	72	2
19O	72	3
19O	72	4
19O	72	5
19O	72	6
19O	72	7
19O	72	8
19O	72	9
19O	72	10
19O	72	11
19O	72	12
19O	72	13
19O	72	14
19O	72	15
19O	72	16
19O	72	17
19O	72	18
19O	72	19
19O	72	20
19O	73	1
19O	73	2
19O	73	3
19O	73	4
19O	73	5
19O	73	6
19O	73	7
19O	73	8
19O	73	9
19O	73	10
19O	73	11
19O	73	12
19O	73	13
19O	73	14
19O	73	15
19O	73	16
19O	73	17
19O	73	18
19O	73	19
19O	73	20
19O	73	21
19O	73	22
19O	73	23
19O	73	24
19O	73	25
19O	73	26
19O	73	27
19O	73	28
19O	74	1
19O	74	2
19O	74	3
19O	74	4
19O	74	5
19O	74	6
19O	74	7
19O	74	8
19O	74	9
19O	74	10
19O	74	11
19O	74	12
19O	74	13
19O	74	14
19O	74	15
19O	74	16
19O	74	17
19O	74	18
19O	74	19
19O	74	20
19O	74	21
19O	74	22
19O	74	23
19O	75	1
19O	75	1
19O	75	2
19O	75	3
19O	75	4
19O	75	5
19O	75	6
19O	75	7
19O	75	8
19O	75	9
19O	75	10
19O	76	1
19O	76	1
19O	76	2
19O	76	3
19O	76	4
19O	76	5
19O	76	6
19O	76	7
19O	76	8
19O	76	9
19O	76	10
19O	76	11
19O	76	12
19O	77	1
19O	77	1
19O	77	2
19O	77	3
19O	77	4
19O	77	5
19O	77	6
19O	77	7
19O	77	8
19O	77	9
19O	77	10
19O	77	11
19O	77	12
19O	77	13
19O	77	14
19O	77	15
19O	77	16
19O	77	17
19O	77	18
19O	77	19
19O	77	20
19O	78	1
19O	78	2
19O	78	3
19O	78	4
19O	78	5
19O	78	6
19O	78	7
19O	78	8
19O	78	9
19O	78	10
19O	78	11
19O	78	12
19O	78	13
19O	78	14
19O	78	15
19O	78	16
19O	78	17
19O	78	18
19O	78	19
19O	78	20
19O	78	21
19O	78	22
19O	78	23
19O	78	24
19O	78	25
19O	78	26
19O	78	27
19O	78	28
19O	78	29
19O	78	30
19O	78	31
19O	78	32
19O	78	33
19O	78	34
19O	78	35
19O	78	36
19O	78	37
19O	78	38
19O	78	39
19O	78	40
19O	78	41
19O	78	42
19O	78	43
19O	78	44
19O	78	45
19O	78	46
19O	78	47
19O	78	48
19O	78	49
19O	78	50
19O	78	51
19O	78	52
19O	78	53
19O	78	54
19O	78	55
19O	78	56
19O	78	57
19O	78	58
19O	78	59
19O	78	60
19O	78	61
19O	78	62
19O	78	63
19O	78	64
19O	78	65
19O	78	66
19O	78	67
19O	78	68
19O	78	69
19O	78	70
19O	78	71
19O	78	72
19O	79	1
19O	79	2
19O	79	3
19O	79	4
19O	79	5
19O	79	6
19O	79	7
19O	79	8
19O	79	9
19O	79	10
19O	79	11
19O	79	12
19O	79	13
19O	80	1
19O	80	1
19O	80	2
19O	80	3
19O	80	4
19O	80	5
19O	80	6
19O	80	7
19O	80	8
19O	80	9
19O	80	10
19O	80	11
19O	80	12
19O	80	13
19O	80	14
19O	80	15
19O	80	16
19O	80	17
19O	80	18
19O	80	19
19O	81	1
19O	81	1
19O	81	2
19O	81	3
19O	81	4
19O	81	5
19O	81	6
19O	81	7
19O	81	8
19O	81	9
19O	81	10
19O	81	11
19O	81	12
19O	81	13
19O	81	14
19O	81	15
19O	81	16
19O	82	1
19O	82	2
19O	82	3
19O	82	4
19O	82	5
19O	82	6
19O	82	7
19O	82	8
19O	83	1
19O	83	1
19O	83	2
19O	83	3
19O	83	4
19O	83	5
19O	83	6
19O	83	7
19O	83	8
19O	83	9
19O	83	10
19O	83	11
19O	83	12
19O	83	13
19O	83	14
19O	83	15
19O	83	16
19O	83	17
19O	83	18
19O	84	1
19O	84	1
19O	84	2
19O	84	3
19O	84	4
19O	84	5
19O	84	6
19O	84	7
19O	84	8
19O	84	9
19O	84	10
19O	84	11
19O	84	12
19O	85	1
19O	85	1
19O	85	2
19O	85	3
19O	85	4
19O	85	5
19O	85	6
19O	85	7
19O	85	8
19O	85	9
19O	85	10
19O	85	11
19O	85	12
19O	85	13
19O	86	1
19O	86	2
19O	86	3
19O	86	4
19O	86	5
19O	86	6
19O	86	7
19O	86	8
19O	86	9
19O	86	10
19O	86	11
19O	86	12
19O	86	13
19O	86	14
19O	86	15
19O	86	16
19O	86	17
19O	87	1
19O	87	2
19O	87	3
19O	87	4
19O	87	5
19O	87	6
19O	87	7
19O	88	1
19O	88	1
19O	88	2
19O	88	3
19O	88	4
19O	88	5
19O	88	6
19O	88	7
19O	88	8
19O	88	9
19O	88	10
19O	88	11
19O	88	12
19O	88	13
19O	88	14
19O	88	15
19O	88	16
19O	88	17
19O	88	18
19O	89	1
19O	89	1
19O	89	2
19O	89	3
19O	89	4
19O	89	5
19O	89	6
19O	89	7
19O	89	8
19O	89	9
19O	89	10
19O	89	11
19O	89	12
19O	89	13
19O	89	14
19O	89	15
19O	89	16
19O	89	17
19O	89	18
19O	89	19
19O	89	20
19O	89	21
19O	89	22
19O	89	23
19O	89	24
19O	89	25
19O	89	26
19O	89	27
19O	89	28
19O	89	29
19O	89	30
19O	89	31
19O	89	32
19O	89	33
19O	89	34
19O	89	35
19O	89	36
19O	89	37
19O	89	38
19O	89	39
19O	89	40
19O	89	41
19O	89	42
19O	89	43
19O	89	44
19O	89	45
19O	89	46
19O	89	47
19O	89	48
19O	89	49
19O	89	50
19O	89	51
19O	89	52
19O	90	1
19O	90	2
19O	90	3
19O	90	4
19O	90	5
19O	90	6
19O	90	7
19O	90	8
19O	90	9
19O	90	10
19O	90	11
19O	90	12
19O	90	13
19O	90	14
19O	90	15
19O	90	16
19O	90	17
19O	91	1
19O	91	2
19O	91	3
19O	91	4
19O	91	5
19O	91	6
19O	91	7
19O	91	8
19O	91	9
19O	91	10
19O	91	11
19O	91	12
19O	91	13
19O	91	14
19O	91	15
19O	91	16
19O	92	1
19O	92	1
19O	92	2
19O	92	3
19O	92	4
19O	92	5
19O	92	6
19O	92	7
19O	92	8
19O	92	9
19O	92	10
19O	92	11
19O	92	12
19O	92	13
19O	92	14
19O	92	15
19O	93	1
19O	93	2
19O	93	3
19O	93	4
19O	93	5
19O	94	1
19O	94	2
19O	94	3
19O	94	4
19O	94	5
19O	94	6
19O	94	7
19O	94	8
19O	94	9
19O	94	10
19O	94	11
19O	94	12
19O	94	13
19O	94	14
19O	94	15
19O	94	16
19O	94	17
19O	94	18
19O	94	19
19O	94	20
19O	94	21
19O	94	22
19O	94	23
19O	95	1
19O	95	2
19O	95	3
19O	95	4
19O	95	5
19O	95	6
19O	95	7
19O	95	8
19O	95	9
19O	95	10
19O	95	11
19O	96	1
19O	96	2
19O	96	3
19O	96	4
19O	96	5
19O	96	6
19O	96	7
19O	96	8
19O	96	9
19O	96	10
19O	96	11
19O	96	12
19O	96	13
19O	97	1
19O	97	2
19O	97	3
19O	97	4
19O	97	5
19O	97	6
19O	97	7
19O	97	8
19O	97	9
19O	97	10
19O	97	11
19O	97	12
19O	98	1
19O	98	2
19O	98	3
19O	98	4
19O	98	5
19O	98	6
19O	98	7
19O	98	8
19O	98	9
19O	99	1
19O	99	2
19O	99	3
19O	99	4
19O	99	5
19O	99	6
19O	99	7
19O	99	8
19O	99	9
19O	100	1
19O	100	2
19O	100	3
19O	100	4
19O	100	5
19O	101	1
19O	101	2
19O	101	3
19O	101	4
19O	101	5
19O	101	6
19O	101	7
19O	101	8
19O	102	1
19O	102	1
19O	102	2
19O	102	3
19O	102	4
19O	102	5
19O	102	6
19O	102	7
19O	102	8
19O	102	9
19O	102	10
19O	102	11
19O	102	12
19O	102	13
19O	102	14
19O	102	15
19O	102	16
19O	102	17
19O	102	18
19O	102	19
19O	102	20
19O	102	21
19O	102	22
19O	102	23
19O	102	24
19O	102	25
19O	102	26
19O	102	27
19O	102	28
19O	103	1
19O	103	2
19O	103	3
19O	103	4
19O	103	5
19O	103	6
19O	103	7
19O	103	8
19O	103	9
19O	103	10
19O	103	11
19O	103	12
19O	103	13
19O	103	14
19O	103	15
19O	103	16
19O	103	17
19O	103	18
19O	103	19
19O	103	20
19O	103	21
19O	103	22
19O	104	1
19O	104	2
19O	104	3
19O	104	4
19O	104	5
19O	104	6
19O	104	7
19O	104	8
19O	104	9
19O	104	10
19O	104	11
19O	104	12
19O	104	13
19O	104	14
19O	104	15
19O	104	16
19O	104	17
19O	104	18
19O	104	19
19O	104	20
19O	104	21
19O	104	22
19O	104	23
19O	104	24
19O	104	25
19O	104	26
19O	104	27
19O	104	28
19O	104	29
19O	104	30
19O	104	31
19O	104	32
19O	104	33
19O	104	34
19O	104	35
19O	105	1
19O	105	2
19O	105	3
19O	105	4
19O	105	5
19O	105	6
19O	105	7
19O	105	8
19O	105	9
19O	105	10
19O	105	11
19O	105	12
19O	105	13
19O	105	14
19O	105	15
19O	105	16
19O	105	17
19O	105	18
19O	105	19
19O	105	20
19O	105	21
19O	105	22
19O	105	23
19O	105	24
19O	105	25
19O	105	26
19O	105	27
19O	105	28
19O	105	29
19O	105	30
19O	105	31
19O	105	32
19O	105	33
19O	105	34
19O	105	35
19O	105	36
19O	105	37
19O	105	38
19O	105	39
19O	105	40
19O	105	41
19O	105	42
19O	105	43
19O	105	44
19O	105	45
19O	106	1
19O	106	2
19O	106	3
19O	106	4
19O	106	5
19O	106	6
19O	106	7
19O	106	8
19O	106	9
19O	106	10
19O	106	11
19O	106	12
19O	106	13
19O	106	14
19O	106	15
19O	106	16
19O	106	17
19O	106	18
19O	106	19
19O	106	20
19O	106	21
19O	106	22
19O	106	23
19O	106	24
19O	106	25
19O	106	26
19O	106	27
19O	106	28
19O	106	29
19O	106	30
19O	106	31
19O	106	32
19O	106	33
19O	106	34
19O	106	35
19O	106	36
19O	106	37
19O	106	38
19O	106	39
19O	106	40
19O	106	41
19O	106	42
19O	106	43
19O	106	44
19O	106	45
19O	106	46
19O	106	47
19O	106	48
19O	107	1
19O	107	2
19O	107	3
19O	107	4
19O	107	5
19O	107	6
19O	107	7
19O	107	8
19O	107	9
19O	107	10
19O	107	11
19O	107	12
19O	107	13
19O	107	14
19O	107	15
19O	107	16
19O	107	17
19O	107	18
19O	107	19
19O	107	20
19O	107	21
19O	107	22
19O	107	23
19O	107	24
19O	107	25
19O	107	26
19O	107	27
19O	107	28
19O	107	29
19O	107	30
19O	107	31
19O	107	32
19O	107	33
19O	107	34
19O	107	35
19O	107	36
19O	107	37
19O	107	38
19O	107	39
19O	107	40
19O	107	41
19O	107	42
19O	107	43
19O	108	1
19O	108	1
19O	108	2
19O	108	3
19O	108	4
19O	108	5
19O	108	6
19O	108	7
19O	108	8
19O	108	9
19O	108	10
19O	108	11
19O	108	12
19O	108	13
19O	109	1
19O	109	2
19O	109	3
19O	109	4
19O	109	5
19O	109	6
19O	109	7
19O	109	8
19O	109	9
19O	109	10
19O	109	11
19O	109	12
19O	109	13
19O	109	14
19O	109	15
19O	109	16
19O	109	17
19O	109	18
19O	109	19
19O	109	20
19O	109	21
19O	109	22
19O	109	23
19O	109	24
19O	109	25
19O	109	26
19O	109	27
19O	109	28
19O	109	29
19O	109	30
19O	109	31
19O	110	1
19O	110	2
19O	110	3
19O	110	4
19O	110	5
19O	110	6
19O	110	7
19O	111	1
19O	111	2
19O	111	3
19O	111	4
19O	111	5
19O	111	6
19O	111	7
19O	111	8
19O	111	9
19O	111	10
19O	112	1
19O	112	2
19O	112	3
19O	112	4
19O	112	5
19O	112	6
19O	112	7
19O	112	8
19O	112	9
19O	112	10
19O	113	1
19O	113	2
19O	113	3
19O	113	4
19O	113	5
19O	113	6
19O	113	7
19O	113	8
19O	113	9
19O	113	9
19O	114	1
19O	114	2
19O	114	3
19O	114	4
19O	114	5
19O	114	6
19O	114	7
19O	114	8
19O	115	1
19O	115	2
19O	115	3
19O	115	4
19O	115	5
19O	115	6
19O	115	7
19O	115	8
19O	115	9
19O	115	10
19O	115	11
19O	115	12
19O	115	13
19O	115	14
19O	115	15
19O	115	16
19O	115	17
19O	115	18
19O	115	18
19O	116	1
19O	116	2
19O	116	3
19O	116	4
19O	116	5
19O	116	6
19O	116	7
19O	116	8
19O	116	9
19O	116	10
19O	116	11
19O	116	12
19O	116	13
19O	116	14
19O	116	15
19O	116	16
19O	116	17
19O	116	18
19O	116	19
19O	116	19
19O	117	1
19O	117	2
19O	117	2
19O	118	1
19O	118	2
19O	118	3
19O	118	4
19O	118	5
19O	118	6
19O	118	7
19O	118	8
19O	118	9
19O	118	10
19O	118	11
19O	118	12
19O	118	13
19O	118	14
19O	118	15
19O	118	16
19O	118	17
19O	118	18
19O	118	19
19O	118	20
19O	118	21
19O	118	22
19O	118	23
19O	118	24
19O	118	25
19O	118	26
19O	118	27
19O	118	28
19O	118	29
19O	119	1
19O	119	2
19O	119	3
19O	119	4
19O	119	5
19O	119	6
19O	119	7
19O	119	8
19O	119	9
19O	119	10
19O	119	11
19O	119	12
19O	119	13
19O	119	14
19O	119	15
19O	119	16
19O	119	17
19O	119	18
19O	119	19
19O	119	20
19O	119	21
19O	119	22
19O	119	23
19O	119	24
19O	119	25
19O	119	26
19O	119	27
19O	119	28
19O	119	29
19O	119	30
19O	119	31
19O	119	32
19O	119	33
19O	119	34
19O	119	35
19O	119	36
19O	119	37
19O	119	38
19O	119	39
19O	119	40
19O	119	41
19O	119	42
19O	119	43
19O	119	44
19O	119	45
19O	119	46
19O	119	47
19O	119	48
19O	119	49
19O	119	50
19O	119	51
19O	119	52
19O	119	53
19O	119	54
19O	119	55
19O	119	56
19O	119	57
19O	119	58
19O	119	59
19O	119	60
19O	119	61
19O	119	62
19O	119	63
19O	119	64
19O	119	65
19O	119	66
19O	119	67
19O	119	68
19O	119	69
19O	119	70
19O	119	71
19O	119	72
19O	119	73
19O	119	74
19O	119	75
19O	119	76
19O	119	77
19O	119	78
19O	119	79
19O	119	80
19O	119	81
19O	119	82
19O	119	83
19O	119	84
19O	119	85
19O	119	86
19O	119	87
19O	119	88
19O	119	89
19O	119	90
19O	119	91
19O	119	92
19O	119	93
19O	119	94
19O	119	95
19O	119	96
19O	119	97
19O	119	98
19O	119	99
19O	119	100
19O	119	101
19O	119	102
19O	119	103
19O	119	104
19O	119	105
19O	119	106
19O	119	107
19O	119	108
19O	119	109
19O	119	110
19O	119	111
19O	119	112
19O	119	113
19O	119	114
19O	119	115
19O	119	116
19O	119	117
19O	119	118
19O	119	119
19O	119	120
19O	119	121
19O	119	122
19O	119	123
19O	119	124
19O	119	125
19O	119	126
19O	119	127
19O	119	128
19O	119	129
19O	119	130
19O	119	131
19O	119	132
19O	119	133
19O	119	134
19O	119	135
19O	119	136
19O	119	137
19O	119	138
19O	119	139
19O	119	140
19O	119	141
19O	119	142
19O	119	143
19O	119	144
19O	119	145
19O	119	146
19O	119	147
19O	119	148
19O	119	149
19O	119	150
19O	119	151
19O	119	152
19O	119	153
19O	119	154
19O	119	155
19O	119	156
19O	119	157
19O	119	158
19O	119	159
19O	119	160
19O	119	161
19O	119	162
19O	119	163
19O	119	164
19O	119	165
19O	119	166
19O	119	167
19O	119	168
19O	119	169
19O	119	170
19O	119	171
19O	119	172
19O	119	173
19O	119	174
19O	119	175
19O	119	176
19O	120	1
19O	120	2
19O	120	3
19O	120	4
19O	120	5
19O	120	6
19O	120	7
19O	121	1
19O	121	2
19O	121	3
19O	121	4
19O	121	5
19O	121	6
19O	121	7
19O	121	8
19O	122	1
19O	122	2
19O	122	3
19O	122	4
19O	122	5
19O	122	6
19O	122	7
19O	122	8
19O	122	9
19O	123	1
19O	123	2
19O	123	3
19O	123	4
19O	124	1
19O	124	2
19O	124	3
19O	124	4
19O	124	5
19O	124	6
19O	124	7
19O	124	8
19O	125	1
19O	125	2
19O	125	3
19O	125	4
19O	125	5
19O	126	1
19O	126	2
19O	126	3
19O	126	4
19O	126	5
19O	126	6
19O	127	1
19O	127	2
19O	127	3
19O	127	4
19O	127	5
19O	128	1
19O	128	2
19O	128	3
19O	128	4
19O	128	5
19O	128	6
19O	129	1
19O	129	2
19O	129	3
19O	129	4
19O	129	5
19O	129	6
19O	129	7
19O	129	8
19O	130	1
19O	130	2
19O	130	3
19O	130	4
19O	130	5
19O	130	6
19O	130	7
19O	130	8
19O	131	1
19O	131	2
19O	131	3
19O	132	1
19O	132	2
19O	132	3
19O	132	4
19O	132	5
19O	132	6
19O	132	7
19O	132	8
19O	132	9
19O	132	10
19O	132	11
19O	132	12
19O	132	13
19O	132	14
19O	132	15
19O	132	16
19O	132	17
19O	132	18
19O	133	1
19O	133	2
19O	133	3
19O	134	1
19O	134	2
19O	134	3
19O	135	1
19O	135	2
19O	135	3
19O	135	4
19O	135	5
19O	135	6
19O	135	7
19O	135	8
19O	135	9
19O	135	10
19O	135	11
19O	135	12
19O	135	13
19O	135	14
19O	135	15
19O	135	16
19O	135	17
19O	135	18
19O	135	19
19O	135	20
19O	135	21
19O	136	1
19O	136	2
19O	136	3
19O	136	4
19O	136	5
19O	136	6
19O	136	7
19O	136	8
19O	136	9
19O	136	10
19O	136	11
19O	136	12
19O	136	13
19O	136	14
19O	136	15
19O	136	16
19O	136	17
19O	136	18
19O	136	19
19O	136	20
19O	136	21
19O	136	22
19O	136	23
19O	136	24
19O	136	25
19O	136	26
19O	137	1
19O	137	2
19O	137	3
19O	137	4
19O	137	5
19O	137	6
19O	137	7
19O	137	8
19O	137	9
19O	138	1
19O	138	2
19O	138	3
19O	138	4
19O	138	5
19O	138	6
19O	138	7
19O	138	8
19O	139	1
19O	139	2
19O	139	3
19O	139	4
19O	139	5
19O	139	6
19O	139	7
19O	139	8
19O	139	9
19O	139	10
19O	139	11
19O	139	12
19O	139	13
19O	139	14
19O	139	15
19O	139	16
19O	139	17
19O	139	18
19O	139	19
19O	139	20
19O	139	21
19O	139	22
19O	139	23
19O	139	24
19O	140	1
19O	140	1
19O	140	2
19O	140	3
19O	140	4
19O	140	5
19O	140	6
19O	140	7
19O	140	8
19O	140	9
19O	140	10
19O	140	11
19O	140	12
19O	140	13
19O	141	1
19O	141	2
19O	141	3
19O	141	4
19O	141	5
19O	141	6
19O	141	7
19O	141	8
19O	141	9
19O	141	10
19O	142	1
19O	142	1
19O	142	2
19O	142	3
19O	142	4
19O	142	5
19O	142	6
19O	142	7
19O	143	1
19O	143	2
19O	143	3
19O	143	4
19O	143	5
19O	143	6
19O	143	7
19O	143	8
19O	143	9
19O	143	10
19O	143	11
19O	143	12
19O	144	1
19O	144	2
19O	144	3
19O	144	4
19O	144	5
19O	144	6
19O	144	7
19O	144	8
19O	144	9
19O	144	10
19O	144	11
19O	144	12
19O	144	13
19O	144	14
19O	144	15
19O	145	1
19O	145	2
19O	145	3
19O	145	4
19O	145	5
19O	145	6
19O	145	7
19O	145	8
19O	145	9
19O	145	10
19O	145	11
19O	145	12
19O	145	13
19O	145	13
19O	145	14
19O	145	15
19O	145	16
19O	145	17
19O	145	18
19O	145	19
19O	145	20
19O	145	21
19O	146	1
19O	146	2
19O	146	3
19O	146	4
19O	146	5
19O	146	6
19O	146	7
19O	146	8
19O	146	9
19O	146	10
19O	147	1
19O	147	2
19O	147	3
19O	147	4
19O	147	5
19O	147	6
19O	147	7
19O	147	8
19O	147	9
19O	147	10
19O	147	11
19O	147	12
19O	147	13
19O	147	14
19O	147	15
19O	147	16
19O	147	17
19O	147	18
19O	147	19
19O	147	20
20O	1	10
20O	1	11
20O	1	11
20O	1	18
20O	1	19
20O	1	19
20O	1	26
20O	1	26
20O	1	27
20O	3	3
20O	3	4
20O	3	4
20O	3	16
20O	3	16
20O	3	22
20O	3	22
20O	4	4
20O	4	4
20O	4	5
20O	4	7
20O	4	27
20O	4	27
20O	4	27
20O	6	8
20O	6	8
20O	6	8
20O	6	8
20O	6	11
20O	6	11
20O	7	1
20O	7	1
20O	7	22
20O	7	22
20O	7	23
20O	8	21
20O	8	21
20O	8	23
20O	8	23
20O	8	24
20O	8	33
20O	9	10
20O	9	10
20O	9	12
20O	9	12
20O	9	12
20O	9	12
20O	9	18
20O	9	18
20O	9	18
20O	9	18
20O	9	18
20O	10	4
20O	10	4
20O	11	4
20O	12	11
20O	12	11
20O	12	13
20O	12	13
20O	13	9
20O	13	9
20O	13	13
20O	13	13
20O	14	35
20O	14	35
20O	15	1
20O	15	18
20O	15	18
20O	15	31
20O	16	1
20O	16	3
20O	16	4
20O	16	6
20O	16	7
20O	16	7
20O	16	8
20O	16	8
20O	16	9
20O	17	6
20O	17	6
20O	17	16
20O	17	16
20O	18	22
20O	18	22
20O	18	23
20O	18	24
20O	19	1
20O	19	2
20O	20	14
20O	20	15
20O	20	16
20O	20	17
20O	20	18
20O	20	19
20O	20	20
20O	20	21
20O	20	22
20O	21	3
20O	21	4
20O	21	4
20O	21	5
20O	22	6
20O	22	9
20O	22	9
20O	22	9
20O	22	14
20O	22	14
20O	22	17
20O	22	18
20O	22	18
20O	23	2
20O	23	2
20O	23	3
20O	23	7
20O	23	7
20O	23	8
20O	23	23
20O	24	9
20O	24	10
20O	24	10
20O	24	22
20O	24	22
20O	24	22
20O	24	22
20O	24	22
20O	24	22
20O	25	10
20O	25	10
20O	25	20
20O	25	20
20O	26	11
20O	26	11
20O	27	20
20O	27	20
20O	27	21
20O	27	21
20O	28	17
20O	28	17
20O	31	6
20O	31	7
20O	31	7
20O	31	21
20O	31	21
20O	31	22
20O	31	25
20O	31	26
20O	31	26
20O	31	28
21O	1	5
21O	1	5
21O	1	6
21O	3	17
21O	3	17
21O	3	18
21O	5	1
21O	5	2
21O	5	3
21O	5	4
21O	5	5
21O	5	6
21O	5	7
21O	5	8
21O	5	9
21O	5	10
21O	5	11
21O	5	12
21O	5	13
21O	5	14
21O	5	15
21O	5	16
21O	5	17
21O	5	18
21O	5	19
21O	5	20
21O	7	23
21O	7	23
21O	7	24
21O	8	2
21O	8	3
21O	8	3
21O	12	9
21O	12	9
21O	12	10
21O	12	11
21O	12	12
21O	12	12
22O	2	13
22O	2	13
22O	2	14
22O	6	13
22O	7	1
22O	7	2
22O	7	3
22O	7	4
22O	7	5
22O	7	6
22O	7	7
22O	7	8
22O	7	9
22O	7	10
22O	7	11
22O	7	12
22O	7	13
23O	1	26
23O	1	27
23O	1	27
23O	2	22
23O	3	15
23O	3	15
23O	3	16
23O	3	19
23O	3	19
23O	3	20
23O	3	21
23O	3	22
23O	3	22
23O	3	23
23O	3	23
23O	3	24
23O	3	24
23O	3	25
23O	3	25
23O	4	5
23O	4	6
23O	4	6
23O	7	4
23O	7	4
23O	7	5
23O	8	13
23O	8	13
23O	8	14
23O	9	1
23O	9	2
23O	9	3
23O	9	4
23O	9	5
23O	9	6
23O	9	7
23O	9	8
23O	9	9
23O	9	10
23O	9	11
23O	9	12
23O	9	13
23O	9	14
23O	9	15
23O	9	16
23O	9	17
23O	9	18
23O	9	19
23O	9	20
23O	9	21
23O	10	5
23O	10	5
23O	10	6
23O	14	23
23O	14	23
23O	14	24
23O	22	8
23O	22	8
23O	22	9
23O	23	1
23O	23	1
23O	23	2
23O	25	4
23O	25	4
23O	25	5
23O	26	2
23O	26	2
23O	26	3
23O	26	3
23O	26	4
23O	26	8
23O	26	8
23O	26	9
23O	27	9
23O	27	10
23O	27	10
23O	27	10
23O	27	11
23O	30	4
23O	30	5
23O	30	5
23O	30	7
23O	30	7
23O	30	8
23O	33	18
23O	33	18
23O	33	19
23O	33	21
23O	33	21
23O	33	22
23O	35	3
23O	35	3
23O	35	4
23O	37	8
23O	37	9
23O	37	9
23O	37	26
23O	37	27
23O	37	27
23O	37	28
23O	37	28
23O	37	29
23O	38	11
23O	38	11
23O	38	12
23O	38	14
23O	38	14
23O	38	15
23O	44	12
23O	44	13
23O	44	13
23O	50	4
23O	50	4
23O	50	5
23O	51	4
23O	51	4
23O	51	5
23O	53	2
23O	53	2
23O	53	3
23O	53	3
23O	56	12
23O	59	10
23O	59	11
23O	59	11
23O	62	6
23O	62	6
23O	62	7
23O	64	12
23O	65	3
23O	65	4
23O	65	4
23O	65	22
23O	65	22
23O	65	23
24O	2	1
24O	2	30
24O	2	31
24O	2	31
24O	5	1
24O	5	2
24O	5	2
24O	6	1
24O	6	2
24O	6	2
24O	7	1
24O	7	27
24O	8	11
24O	8	12
24O	9	1
24O	9	2
24O	9	3
24O	9	4
24O	9	5
24O	9	5
24O	9	6
24O	9	7
24O	9	8
24O	9	9
24O	9	10
24O	9	11
24O	9	12
24O	9	13
24O	9	14
24O	9	15
24O	9	16
24O	9	17
24O	9	18
24O	9	19
24O	9	20
24O	9	21
24O	9	22
24O	9	23
24O	9	24
24O	9	25
24O	9	26
24O	10	5
24O	10	5
24O	10	6
24O	10	7
24O	10	8
24O	10	9
24O	10	10
24O	11	7
24O	13	9
24O	13	9
24O	13	10
24O	15	20
24O	15	20
24O	15	21
24O	16	1
24O	16	2
24O	16	2
24O	17	1
24O	17	2
24O	17	3
24O	17	4
24O	17	22
24O	17	23
24O	17	23
24O	25	13
24O	25	13
24O	25	14
24O	25	15
24O	25	16
24O	25	17
24O	25	18
24O	25	19
24O	25	20
24O	25	20
24O	25	21
24O	25	22
24O	25	23
24O	25	24
24O	25	25
24O	25	26
24O	25	27
24O	25	28
24O	25	29
24O	25	30
24O	25	31
24O	25	32
24O	25	33
24O	25	34
24O	25	35
24O	25	36
24O	25	37
24O	25	38
24O	26	1
24O	26	2
24O	26	3
24O	26	4
24O	26	5
24O	26	6
24O	26	7
24O	26	8
24O	26	9
24O	26	10
24O	26	11
24O	26	12
24O	26	13
24O	26	14
24O	26	15
24O	26	16
24O	26	17
24O	26	18
24O	26	19
24O	26	20
24O	26	21
24O	26	22
24O	26	23
24O	26	24
24O	27	1
24O	27	2
24O	27	3
24O	27	4
24O	27	5
24O	27	6
24O	27	7
24O	27	8
24O	27	9
24O	27	10
24O	27	11
24O	27	12
24O	27	13
24O	27	14
24O	27	15
24O	27	16
24O	27	17
24O	27	18
24O	27	19
24O	27	20
24O	27	21
24O	27	22
24O	28	1
24O	28	2
24O	28	3
24O	28	4
24O	28	5
24O	28	6
24O	28	7
24O	28	8
24O	28	9
24O	28	10
24O	28	11
24O	28	12
24O	28	13
24O	28	14
24O	28	15
24O	28	16
24O	28	17
24O	29	1
24O	29	2
24O	29	3
24O	29	4
24O	29	5
24O	29	6
24O	29	7
24O	29	8
24O	29	9
24O	29	10
24O	29	11
24O	29	12
24O	29	13
24O	29	14
24O	29	15
24O	29	16
24O	29	17
24O	29	18
24O	29	19
24O	29	20
24O	29	21
24O	29	22
24O	29	23
24O	29	24
24O	29	25
24O	29	26
24O	29	27
24O	29	28
24O	29	29
24O	29	30
24O	29	31
24O	29	32
24O	30	1
24O	30	2
24O	30	3
24O	30	4
24O	30	5
24O	30	6
24O	30	7
24O	30	8
24O	30	9
24O	30	10
24O	30	11
24O	30	12
24O	30	13
24O	30	14
24O	30	15
24O	30	16
24O	30	17
24O	30	18
24O	30	19
24O	30	20
24O	30	21
24O	30	22
24O	30	23
24O	30	24
24O	31	1
24O	31	2
24O	31	3
24O	31	4
24O	31	5
24O	31	6
24O	31	7
24O	31	8
24O	31	9
24O	31	10
24O	31	11
24O	31	12
24O	31	13
24O	31	14
24O	31	15
24O	31	16
24O	31	17
24O	31	18
24O	31	19
24O	31	20
24O	31	21
24O	31	22
24O	31	23
24O	31	24
24O	31	25
24O	31	26
24O	31	27
24O	31	28
24O	31	29
24O	31	30
24O	31	31
24O	31	32
24O	31	33
24O	31	34
24O	31	35
24O	31	36
24O	31	37
24O	31	38
24O	31	39
24O	31	40
24O	32	1
24O	32	2
24O	32	3
24O	32	4
24O	32	5
24O	32	6
24O	32	7
24O	32	8
24O	32	9
24O	32	10
24O	32	11
24O	32	12
24O	32	13
24O	32	14
24O	32	15
24O	32	16
24O	32	17
24O	32	18
24O	32	19
24O	32	20
24O	32	21
24O	32	22
24O	32	23
24O	32	24
24O	32	25
24O	32	26
24O	32	27
24O	32	28
24O	32	29
24O	32	30
24O	32	31
24O	32	32
24O	32	33
24O	32	34
24O	32	35
24O	32	36
24O	32	37
24O	32	38
24O	32	39
24O	32	40
24O	32	41
24O	32	42
24O	32	43
24O	32	44
24O	33	1
24O	33	2
24O	33	3
24O	33	4
24O	33	5
24O	33	6
24O	33	7
24O	33	8
24O	33	9
24O	33	10
24O	33	11
24O	33	12
24O	33	13
24O	33	14
24O	33	15
24O	33	16
24O	33	17
24O	33	18
24O	33	19
24O	33	20
24O	33	21
24O	33	22
24O	33	23
24O	33	24
24O	33	25
24O	33	26
24O	34	1
24O	34	2
24O	34	3
24O	34	4
24O	34	5
24O	34	6
24O	34	7
24O	34	8
24O	34	9
24O	34	10
24O	34	11
24O	34	12
24O	34	13
24O	34	14
24O	34	15
24O	34	16
24O	34	17
24O	34	18
24O	34	19
24O	34	20
24O	34	21
24O	34	22
24O	35	1
24O	35	2
24O	35	3
24O	35	4
24O	35	5
24O	35	6
24O	35	7
24O	35	8
24O	35	9
24O	35	10
24O	35	11
24O	35	12
24O	35	13
24O	35	14
24O	35	15
24O	35	16
24O	35	17
24O	35	18
24O	35	19
24O	36	1
24O	36	2
24O	36	3
24O	36	4
24O	36	5
24O	36	6
24O	36	7
24O	36	8
24O	36	9
24O	36	10
24O	36	11
24O	36	12
24O	36	13
24O	36	14
24O	36	14
24O	36	15
24O	36	16
24O	36	17
24O	36	18
24O	36	19
24O	36	20
24O	36	21
24O	36	22
24O	36	23
24O	36	24
24O	36	25
24O	36	26
24O	36	27
24O	36	28
24O	36	29
24O	36	30
24O	36	31
24O	36	32
24O	37	1
24O	37	2
24O	37	3
24O	37	4
24O	37	5
24O	37	6
24O	37	7
24O	37	8
24O	37	9
24O	37	10
24O	37	11
24O	37	12
24O	37	13
24O	37	14
24O	37	15
24O	37	16
24O	37	17
24O	37	18
24O	37	19
24O	37	20
24O	37	21
24O	38	1
24O	38	2
24O	38	3
24O	38	4
24O	38	5
24O	38	6
24O	38	7
24O	38	8
24O	38	9
24O	38	10
24O	38	11
24O	38	12
24O	38	13
24O	38	14
24O	38	15
24O	38	16
24O	38	17
24O	38	18
24O	38	19
24O	38	20
24O	38	21
24O	38	22
24O	38	23
24O	38	24
24O	38	25
24O	38	26
24O	38	27
24O	38	28
24O	39	1
24O	39	2
24O	39	3
24O	39	4
24O	39	5
24O	39	6
24O	39	7
24O	39	8
24O	39	9
24O	39	10
24O	39	11
24O	39	12
24O	39	13
24O	39	14
24O	39	15
24O	39	16
24O	39	17
24O	39	18
24O	40	1
24O	40	2
24O	40	3
24O	40	4
24O	40	5
24O	40	6
24O	40	7
24O	40	8
24O	40	9
24O	40	10
24O	40	11
24O	40	12
24O	40	13
24O	40	14
24O	40	15
24O	40	16
24O	41	1
24O	41	2
24O	41	3
24O	41	4
24O	41	5
24O	41	6
24O	41	7
24O	41	8
24O	41	9
24O	41	10
24O	41	11
24O	41	12
24O	41	13
24O	41	14
24O	41	15
24O	41	16
24O	41	17
24O	41	18
24O	42	1
24O	42	2
24O	42	3
24O	42	4
24O	42	5
24O	42	6
24O	42	7
24O	42	8
24O	42	9
24O	42	10
24O	42	11
24O	42	12
24O	42	13
24O	42	14
24O	42	15
24O	42	16
24O	42	17
24O	42	18
24O	42	19
24O	42	20
24O	42	21
24O	42	22
24O	43	1
24O	43	2
24O	43	3
24O	43	4
24O	43	5
24O	43	6
24O	43	7
24O	43	8
24O	43	9
24O	43	10
24O	43	11
24O	43	12
24O	43	13
24O	44	1
24O	44	2
24O	44	3
24O	44	4
24O	44	5
24O	44	6
24O	44	7
24O	44	8
24O	44	9
24O	44	10
24O	44	11
24O	44	12
24O	44	13
24O	44	14
24O	44	15
24O	44	16
24O	44	17
24O	44	18
24O	44	19
24O	44	20
24O	44	21
24O	44	22
24O	44	23
24O	44	24
24O	44	25
24O	44	26
24O	44	27
24O	44	28
24O	44	29
24O	44	30
24O	45	1
24O	45	2
24O	45	3
24O	45	4
24O	45	5
24O	46	1
24O	46	2
24O	46	3
24O	46	4
24O	46	5
24O	46	6
24O	46	7
24O	46	8
24O	46	9
24O	46	10
24O	46	11
24O	46	12
24O	46	13
24O	46	14
24O	46	15
24O	46	16
24O	46	17
24O	46	18
24O	46	19
24O	46	20
24O	46	21
24O	46	22
24O	46	23
24O	46	24
24O	46	25
24O	46	25
24O	46	26
24O	46	27
24O	46	27
24O	46	28
24O	46	28
24O	47	1
24O	47	2
24O	47	3
24O	47	4
24O	47	5
24O	47	6
24O	47	7
24O	48	1
24O	48	2
24O	48	3
24O	48	4
24O	48	5
24O	48	6
24O	48	7
24O	48	8
24O	48	9
24O	48	10
24O	48	11
24O	48	12
24O	48	13
24O	48	14
24O	48	15
24O	48	16
24O	48	17
24O	48	18
24O	48	19
24O	48	20
24O	48	21
24O	48	22
24O	48	23
24O	48	24
24O	48	25
24O	48	26
24O	48	27
24O	48	28
24O	48	29
24O	48	30
24O	48	31
24O	48	32
24O	48	33
24O	48	34
24O	48	35
24O	48	36
24O	48	37
24O	48	38
24O	48	39
24O	48	40
24O	48	41
24O	48	42
24O	48	43
24O	48	44
24O	48	45
24O	48	46
24O	48	47
24O	49	1
24O	49	2
24O	49	3
24O	49	4
24O	49	5
24O	49	6
24O	49	7
24O	49	8
24O	49	9
24O	49	10
24O	49	11
24O	49	12
24O	49	13
24O	49	14
24O	49	15
24O	49	16
24O	49	17
24O	49	18
24O	49	19
24O	49	20
24O	49	21
24O	49	22
24O	49	23
24O	49	24
24O	49	25
24O	49	26
24O	49	27
24O	49	28
24O	49	29
24O	49	30
24O	49	31
24O	49	32
24O	49	33
24O	49	34
24O	49	35
24O	49	36
24O	49	37
24O	49	38
24O	49	39
24O	50	1
24O	50	2
24O	50	3
24O	50	4
24O	50	5
24O	50	6
24O	50	7
24O	50	8
24O	50	9
24O	50	10
24O	50	11
24O	50	12
24O	50	13
24O	50	14
24O	50	15
24O	50	16
24O	50	17
24O	50	18
24O	50	19
24O	50	20
24O	50	21
24O	50	22
24O	50	23
24O	50	24
24O	50	25
24O	50	26
24O	50	27
24O	50	28
24O	50	29
24O	50	30
24O	50	31
24O	50	32
24O	50	33
24O	50	34
24O	50	35
24O	50	36
24O	50	37
24O	50	38
24O	50	39
24O	50	40
24O	50	41
24O	50	42
24O	50	43
24O	50	44
24O	50	45
24O	50	46
24O	51	1
24O	51	2
24O	51	3
24O	51	4
24O	51	5
24O	51	6
24O	51	7
24O	51	8
24O	51	9
24O	51	10
24O	51	11
24O	51	12
24O	51	13
24O	51	14
24O	51	15
24O	51	16
24O	51	17
24O	51	18
24O	51	19
24O	51	20
24O	51	21
24O	51	22
24O	51	23
24O	51	24
24O	51	25
24O	51	26
24O	51	27
24O	51	28
24O	51	29
24O	51	30
24O	51	31
24O	51	32
24O	51	33
24O	51	34
24O	51	35
24O	51	36
24O	51	37
24O	51	38
24O	51	39
24O	51	40
24O	51	41
24O	51	42
24O	51	43
24O	51	44
24O	51	45
24O	51	46
24O	51	47
24O	51	48
24O	51	49
24O	51	50
24O	51	51
24O	51	52
24O	51	53
24O	51	54
24O	51	55
24O	51	56
24O	51	57
24O	51	58
24O	51	59
24O	51	60
24O	51	61
24O	51	62
24O	51	63
24O	51	64
24O	52	2
24O	52	3
24O	52	15
24O	52	16
24O	52	28
24O	52	29
24O	52	30
25O	1	1
25O	1	1
25O	1	15
25O	1	17
25O	1	17
25O	3	22
25O	3	23
25O	3	24
25O	3	25
25O	3	26
25O	3	26
25O	3	29
25O	3	56
25O	3	56
25O	3	57
26O	1	14
26O	5	4
26O	5	4
26O	5	5
26O	7	3
26O	7	3
26O	7	4
26O	7	5
26O	7	5
26O	7	6
26O	7	6
26O	7	7
26O	7	8
26O	7	9
26O	7	10
26O	7	11
26O	7	11
26O	7	14
26O	7	14
26O	7	15
26O	10	14
26O	20	31
26O	20	32
26O	20	32
26O	20	45
26O	20	46
26O	20	47
26O	20	48
26O	20	49
26O	21	1
26O	21	2
26O	21	3
26O	21	4
26O	21	5
26O	21	6
26O	21	7
26O	21	8
26O	21	9
26O	21	10
26O	21	11
26O	21	12
26O	21	13
26O	21	14
26O	21	15
26O	21	16
26O	21	17
26O	21	18
26O	21	19
26O	21	20
26O	21	21
26O	21	22
26O	21	23
26O	21	24
26O	21	25
26O	21	26
26O	21	26
26O	21	27
26O	21	27
26O	21	28
26O	21	29
26O	21	30
26O	21	31
26O	21	32
26O	22	20
26O	22	21
26O	22	21
26O	23	23
26O	23	23
26O	23	24
26O	26	8
26O	26	9
26O	26	9
26O	27	5
26O	27	6
26O	27	6
26O	27	17
26O	27	19
26O	27	19
26O	27	31
26O	28	7
26O	28	8
26O	28	8
26O	28	14
26O	28	14
26O	28	15
26O	30	5
26O	30	6
26O	30	6
26O	32	19
26O	32	21
26O	32	22
26O	32	23
26O	32	23
26O	33	26
26O	38	16
26O	38	16
26O	38	17
26O	40	30
26O	40	38
26O	40	38
26O	40	39
26O	40	39
26O	42	16
26O	42	16
26O	42	17
26O	42	17
26O	42	18
26O	42	19
26O	44	8
26O	44	8
26O	44	9
26O	45	3
26O	45	4
26O	45	4
26O	45	7
26O	45	8
26O	45	8
26O	47	9
26O	47	10
26O	47	10
26O	47	15
26O	47	16
26O	47	16
27O	3	24
27O	3	25
27O	3	26
27O	3	27
27O	3	28
27O	3	29
27O	3	30
27O	4	1
27O	4	2
27O	4	3
27O	4	6
27O	4	7
27O	4	8
27O	4	8
27O	4	9
27O	4	9
27O	4	17
27O	4	17
27O	4	18
27O	4	33
27O	4	33
27O	4	33
27O	4	35
27O	4	37
27O	4	37
27O	4	37
27O	4	37
27O	4	37
27O	5	14
27O	5	15
27O	5	18
27O	5	19
27O	5	20
27O	5	21
27O	5	22
27O	5	24
27O	5	25
27O	5	27
27O	5	28
27O	5	31
27O	6	1
27O	6	2
27O	6	3
27O	6	4
27O	6	5
27O	6	6
27O	6	7
27O	6	8
27O	6	9
27O	6	10
27O	6	11
27O	6	12
27O	6	12
27O	6	13
27O	6	14
27O	6	15
27O	6	16
27O	6	17
27O	6	18
27O	6	19
27O	6	20
27O	6	21
27O	6	22
27O	6	23
27O	6	24
27O	6	25
27O	6	26
27O	6	27
27O	6	28
27O	8	3
27O	8	3
27O	8	4
27O	9	25
27O	9	25
27O	9	26
27O	9	26
27O	9	27
28O	1	10
28O	1	11
28O	2	1
28O	2	2
28O	2	3
28O	2	4
28O	2	5
28O	2	6
28O	2	7
28O	2	8
28O	2	9
28O	2	10
28O	2	11
28O	2	12
28O	2	13
28O	2	14
28O	2	15
28O	2	16
28O	2	17
28O	2	18
28O	2	19
28O	2	20
28O	2	21
28O	2	22
28O	2	23
28O	4	11
28O	4	12
28O	4	12
28O	4	14
28O	4	15
28O	4	15
28O	6	10
28O	6	11
28O	6	11
28O	8	12
28O	8	13
28O	8	13
28O	9	8
28O	9	9
28O	9	9
28O	11	4
28O	11	5
28O	11	5
28O	11	12
28O	12	1
28O	12	2
28O	12	3
28O	12	4
28O	12	5
28O	12	6
28O	12	7
28O	12	8
28O	12	9
28O	12	10
28O	12	11
28O	12	12
28O	12	13
28O	12	14
28O	13	16
28O	14	1
28O	14	2
28O	14	3
28O	14	4
28O	14	5
28O	14	6
28O	14	7
28O	14	8
28O	14	9
29O	2	28
29O	2	29
29O	2	30
29O	2	31
29O	2	32
29O	3	1
29O	3	2
29O	3	3
29O	3	4
29O	3	5
29O	3	6
29O	3	7
29O	3	8
29O	3	9
29O	3	10
29O	3	11
29O	3	12
29O	3	13
29O	3	14
29O	3	15
29O	3	16
29O	3	17
29O	3	18
29O	3	19
29O	3	20
29O	3	21
30O	4	2
30O	4	3
30O	4	3
31O	1	9
31O	1	9
31O	1	10
32O	1	17
32O	2	1
32O	2	2
32O	2	3
32O	2	4
32O	2	5
32O	2	6
32O	2	6
32O	2	7
32O	2	8
32O	2	9
32O	2	10
33O	1	10
33O	1	11
33O	1	11
33O	2	10
33O	2	10
33O	2	11
33O	5	1
33O	5	2
33O	5	3
33O	5	4
33O	5	5
33O	5	6
33O	5	7
33O	5	8
33O	5	9
33O	5	10
33O	5	11
33O	5	12
33O	5	13
33O	5	14
33O	5	15
33O	6	9
33O	6	10
33O	6	10
33O	6	15
33O	6	16
33O	6	16
33O	7	18
33O	7	18
33O	7	19
34O	1	15
34O	2	1
34O	2	2
34O	2	3
34O	2	4
34O	2	5
34O	2	6
34O	2	7
34O	2	8
34O	2	9
34O	2	10
34O	2	11
34O	2	12
34O	2	13
34O	3	16
34O	3	16
34O	3	17
35O	3	6
35O	3	6
35O	3	7
36O	3	17
36O	3	18
36O	3	18
36O	3	19
36O	3	19
36O	3	19
36O	3	20
38O	1	16
38O	1	17
38O	1	17
38O	1	18
38O	1	19
38O	1	20
38O	1	21
38O	2	1
38O	2	2
38O	2	3
38O	2	4
38O	2	5
38O	2	6
38O	2	7
38O	2	8
38O	2	9
38O	2	10
38O	2	11
38O	2	12
38O	2	13
39O	4	1
39O	4	2
39O	4	3
39O	4	4
39O	4	5
39O	4	6
67A	6	1
67A	6	1
67A	6	18
67A	6	18
67A	7	16
67A	7	16
67A	10	12
67A	10	12
67A	10	13
67A	11	18
67A	11	18
67A	13	1
67A	13	1
67A	13	2
67A	13	3
67A	13	4
67A	13	5
67A	13	6
67A	13	7
67A	13	8
67A	13	9
67A	13	10
67A	13	11
67A	13	12
67A	13	13
67A	13	14
67A	13	15
67A	13	16
67A	13	17
69A	1	1
69A	1	17
69A	1	17
69A	1	18
69A	4	6
69A	5	1
69A	5	2
69A	9	1
69A	9	1
69A	9	2
69A	9	5
69A	9	16
69A	9	17
69A	9	17
69A	9	27
69A	9	28
69A	9	28
69A	9	30
69A	9	31
69A	9	31
69A	9	32
69A	10	4
69A	10	5
69A	10	6
69A	10	7
69A	10	8
69A	10	9
69A	10	10
69A	10	11
69A	10	12
69A	10	13
69A	11	1
69A	11	2
69A	11	3
69A	11	4
69A	11	4
69A	11	5
69A	11	6
69A	11	7
69A	11	8
69A	11	9
69A	11	10
69A	11	11
69A	11	12
69A	12	1
69A	12	2
69A	12	3
69A	12	4
69A	12	5
69A	12	6
69A	13	1
69A	13	2
69A	13	3
69A	13	4
69A	13	5
69A	13	6
69A	13	7
69A	13	8
69A	13	9
69A	13	10
69A	13	11
69A	13	12
69A	13	13
69A	13	14
69A	13	15
69A	13	16
69A	13	17
69A	13	18
69A	14	1
69A	14	2
69A	14	3
69A	14	3
69A	14	4
69A	14	5
69A	14	6
69A	14	7
69A	14	8
69A	14	9
69A	14	10
69A	14	11
69A	14	12
69A	14	13
69A	14	14
69A	14	15
69A	14	16
69A	14	17
69A	14	18
69A	14	19
69A	15	1
69A	15	2
69A	15	3
69A	15	4
69A	15	5
69A	15	6
69A	15	7
69A	15	8
69A	15	9
69A	15	10
69A	15	11
69A	15	12
69A	15	13
69A	15	14
69A	15	15
69A	15	16
69A	16	1
69A	16	1
69A	16	2
69A	16	3
69A	16	4
69A	16	5
69A	16	6
69A	16	7
69A	16	8
69A	16	9
69A	16	10
69A	16	11
69A	16	12
69A	16	13
69A	16	14
69A	16	15
69A	16	16
69A	16	17
69A	16	18
69A	16	19
69A	16	20
69A	16	21
69A	16	22
69A	16	23
69A	16	24
70A	17	9
70A	17	10
70A	17	11
70A	17	12
70A	17	13
70A	17	14
70A	17	15
70A	17	16
70A	17	17
70A	17	18
70A	17	19
70A	17	20
70A	17	21
71A	1	0
71A	1	0
71A	1	0
71A	1	0
71A	1	0
71A	1	0
71A	1	0
71A	1	0
71A	1	0
71A	1	0
71A	1	0
71A	1	0
71A	1	0
71A	1	0
71A	1	0
71A	1	0
71A	1	0
71A	1	0
71A	1	0
71A	1	0
71A	1	0
71A	1	0
71A	1	0
71A	1	0
71A	1	0
71A	1	0
71A	1	0
71A	1	0
71A	1	0
71A	1	0
71A	1	0
71A	1	0
71A	1	0
71A	1	0
71A	1	0
71A	1	0
71A	1	5
71A	1	7
71A	1	21
71A	3	19
71A	3	25
71A	5	15
71A	6	1
71A	10	21
71A	11	15
71A	11	16
71A	13	14
71A	16	15
71A	16	16
71A	17	5
71A	17	9
71A	17	10
71A	17	16
71A	17	18
71A	17	21
71A	18	3
71A	19	18
71A	19	19
71A	19	21
71A	20	32
71A	22	7
71A	22	8
71A	23	28
71A	24	18
71A	24	24
71A	25	12
71A	26	19
71A	26	20
71A	26	21
71A	26	22
71A	26	23
71A	26	24
71A	26	25
71A	26	26
71A	26	27
71A	34	10
71A	34	11
71A	34	12
71A	34	13
71A	34	14
71A	34	15
71A	34	16
71A	34	17
71A	34	18
71A	34	19
71A	34	20
71A	34	21
71A	34	22
71A	34	23
71A	34	24
71A	34	25
71A	34	26
71A	34	27
71A	34	28
71A	34	29
71A	34	30
71A	34	31
71A	35	1
71A	35	2
71A	35	3
71A	35	4
71A	35	5
71A	35	6
71A	35	7
71A	35	8
71A	35	9
71A	35	10
71A	35	11
71A	35	12
71A	35	13
71A	35	14
71A	35	15
71A	35	15
71A	35	16
71A	35	17
71A	35	18
71A	35	19
71A	35	20
71A	35	21
71A	35	21
71A	35	22
71A	35	22
71A	35	22
71A	35	23
71A	35	23
71A	35	24
71A	35	25
71A	35	26
71A	36	1
71A	36	2
71A	36	3
71A	36	4
71A	36	5
71A	36	6
71A	36	7
71A	36	8
71A	36	9
71A	36	10
71A	36	11
71A	36	12
71A	36	13
71A	36	14
71A	36	15
71A	36	16
71A	36	17
71A	36	18
71A	36	19
71A	36	20
71A	36	21
71A	36	22
71A	36	22
71A	36	23
71A	36	24
71A	36	25
71A	36	26
71A	36	27
71A	36	27
71A	36	28
71A	36	29
71A	36	30
71A	36	31
71A	41	18
71A	41	18
71A	41	19
71A	41	19
71A	41	19
71A	41	20
71A	41	20
71A	41	21
71A	41	21
71A	41	22
71A	41	22
71A	42	1
71A	42	1
71A	42	1
72A	3	34
72A	3	34
72A	3	35
72A	3	36
72A	3	37
73A	6	1
73A	6	2
73A	6	2
73A	6	3
73A	6	4
73A	6	5
73A	6	6
73A	6	7
73A	6	8
73A	6	9
73A	6	10
73A	6	11
73A	6	12
73A	6	13
73A	6	14
73A	6	15
73A	6	16
73A	6	17
73A	6	18
73A	6	19
73A	6	20
73A	6	21
73A	6	22
73A	6	23
73A	6	24
73A	6	25
73A	6	26
73A	6	27
73A	6	28
73A	6	29
73A	6	30
73A	6	31
73A	6	32
73A	6	33
73A	6	34
73A	6	35
73A	6	36
73A	6	37
73A	6	38
73A	6	39
73A	6	40
73A	6	41
73A	6	42
73A	6	43
73A	6	44
73A	6	45
73A	6	46
73A	6	47
73A	6	48
73A	6	49
73A	6	50
73A	6	51
73A	6	52
73A	6	53
73A	6	54
73A	6	55
73A	6	56
73A	6	57
73A	6	58
73A	6	59
73A	6	60
73A	6	61
73A	6	62
73A	6	63
73A	6	64
73A	6	65
73A	6	66
73A	6	67
73A	6	68
73A	6	69
73A	6	70
73A	6	71
73A	6	72
73A	6	73
74A	1	1
74A	1	2
74A	1	3
74A	1	4
74A	1	5
74A	1	6
74A	1	7
74A	1	8
74A	1	9
74A	1	10
74A	1	11
74A	1	12
74A	1	13
74A	1	14
74A	1	15
74A	1	16
74A	1	17
74A	1	18
74A	1	19
74A	1	20
74A	1	21
74A	1	22
74A	1	23
74A	1	24
74A	1	25
74A	1	26
74A	1	27
74A	1	28
74A	1	29
74A	1	30
74A	1	31
74A	1	32
74A	1	33
74A	1	34
74A	1	35
74A	1	35
74A	1	36
74A	1	36
74A	1	37
74A	1	37
74A	1	38
74A	1	38
74A	1	39
74A	1	39
74A	1	40
74A	1	40
74A	1	41
74A	1	41
74A	1	42
74A	1	42
74A	1	43
74A	1	43
74A	1	44
74A	1	44
74A	1	45
74A	1	45
74A	1	46
74A	1	46
74A	1	47
74A	1	47
74A	1	48
74A	1	48
74A	1	49
74A	1	49
74A	1	50
74A	1	50
74A	1	51
74A	1	51
74A	1	52
74A	1	52
74A	1	53
74A	1	53
74A	1	54
74A	1	54
74A	1	55
74A	1	55
74A	1	56
74A	1	56
74A	1	57
74A	1	58
74A	1	59
74A	1	60
74A	1	61
74A	1	62
74A	1	63
74A	1	64
74A	1	65
74A	1	66
74A	1	67
74A	1	68
75A	1	1
75A	1	2
75A	1	3
75A	1	4
75A	1	5
75A	1	7
75A	1	8
75A	1	10
75A	1	11
75A	1	13
75A	1	14
75A	1	15
75A	1	16
75A	1	17
75A	1	18
75A	1	20
75A	1	21
75A	1	24
75A	1	25
75A	1	26
75A	1	27
75A	1	42
75A	1	43
75A	1	44
75A	1	45
75A	1	46
75A	1	47
75A	1	48
75A	1	49
75A	1	50
75A	1	60
75A	1	61
75A	1	62
75A	1	64
76A	1	12
76A	1	15
76A	1	16
76A	1	17
76A	1	29
76A	1	31
76A	1	32
80A	10	4
80A	11	7
80A	11	8
81A	1	10
81A	1	10
81A	1	11
81A	1	12
81A	1	13
81A	1	13
81A	1	14
81A	1	15
81A	1	16
81A	1	17
81A	1	18
81A	1	19
81A	1	20
81A	1	21
81A	1	22
81A	1	23
81A	1	24
81A	1	25
81A	1	26
81A	1	27
81A	1	28
81A	1	29
81A	1	30
81A	1	31
81A	1	32
81A	1	33
81A	1	34
81A	1	35
81A	1	36
81A	1	37
81A	1	38
81A	1	39
81A	1	40
81A	1	41
81A	1	42
81A	1	43
81A	1	44
81A	1	45
81A	1	46
81A	1	47
81A	1	48
81A	1	49
81A	1	50
81A	1	51
81A	1	52
81A	1	53
81A	1	54
81A	1	55
81A	1	56
81A	1	57
81A	1	58
81A	2	1
81A	2	2
81A	2	3
81A	2	4
81A	2	5
81A	2	6
81A	2	7
81A	2	8
81A	2	9
81A	2	10
81A	2	11
81A	2	12
81A	2	13
81A	2	14
81A	2	15
81A	2	16
81A	2	17
81A	2	18
81A	2	19
81A	2	20
81A	2	21
81A	2	22
81A	2	23
81A	2	24
81A	2	25
81A	2	26
81A	2	26
81A	2	26
81A	2	27
81A	2	27
81A	2	28
81A	2	28
81A	2	29
81A	2	30
81A	5	9
81A	5	9
81A	5	10
81A	5	41
81A	5	42
81A	5	43
81A	5	44
81A	5	45
81A	5	46
81A	5	47
81A	5	48
81A	5	49
81A	5	50
81A	5	51
81A	5	52
81A	5	53
81A	5	54
81A	5	55
81A	5	56
81A	5	57
81A	5	58
81A	5	58
81A	5	59
81A	5	60
81A	5	61
81A	5	62
81A	5	63
81A	5	64
81A	5	65
81A	5	66
81A	5	67
81A	5	68
81A	5	69
81A	5	70
81A	5	71
81A	5	72
81A	5	73
81A	5	73
81A	6	8
81A	6	9
81A	6	10
81A	6	11
81A	6	12
81A	6	13
81A	6	14
81A	6	15
81A	6	16
81A	6	17
81A	6	18
81A	6	19
81A	6	20
81A	6	21
81A	6	22
81A	6	23
81A	6	24
81A	6	25
81A	6	26
81A	6	27
81A	6	28
81A	6	29
81A	6	30
81A	6	31
81A	6	32
81A	6	33
81A	6	34
81A	8	56
81A	8	57
81A	8	58
81A	8	59
81A	8	60
81A	8	61
81A	8	62
81A	8	63
81A	8	64
81A	8	65
81A	8	66
81A	8	67
81A	8	68
81A	8	69
81A	8	70
81A	8	71
81A	8	72
81A	8	73
81A	8	73
81A	8	74
81A	8	75
81A	8	76
81A	8	77
81A	8	78
81A	8	79
81A	8	80
81A	8	81
81A	8	82
81A	8	83
81A	8	84
81A	8	85
81A	8	86
81A	8	87
81A	8	88
81A	8	89
81A	8	90
81A	8	91
81A	8	92
81A	8	93
81A	8	94
81A	8	95
81A	8	96
83A	1	1
83A	1	1
84A	1	1
84A	1	2
84A	1	3
84A	1	4
84A	1	5
84A	1	6
84A	1	7
86A	1	1
86A	1	1
86A	2	1
86A	2	1
86A	3	1
86A	3	1
86A	5	1
86A	5	1
86A	5	2
86A	5	3
86A	5	4
86A	5	5
86A	5	6
86A	5	7
86A	5	8
86A	5	9
86A	5	10
86A	5	11
86A	5	12
86A	6	1
86A	6	1
86A	6	2
86A	6	3
86A	6	4
86A	6	5
86A	6	6
86A	6	7
86A	6	8
86A	7	1
86A	7	1
86A	7	2
86A	7	3
86A	7	4
86A	7	5
86A	7	6
86A	7	7
86A	7	8
86A	7	9
86A	7	10
86A	7	11
86A	7	12
86A	7	13
86A	7	14
86A	7	15
86A	7	16
86A	7	17
86A	7	18
86A	7	19
86A	7	20
86A	8	1
86A	8	1
86A	8	2
86A	8	3
86A	8	4
86A	8	5
86A	8	6
86A	8	7
86A	8	8
86A	8	9
86A	8	10
86A	8	11
86A	8	12
86A	8	13
86A	8	14
86A	8	15
86A	8	16
86A	8	17
86A	8	18
86A	8	19
86A	8	20
86A	8	21
86A	8	22
86A	8	23
86A	8	24
86A	8	25
86A	8	26
86A	8	27
86A	8	28
86A	8	29
86A	8	30
86A	8	31
86A	8	32
86A	8	33
86A	8	34
86A	8	35
86A	8	36
86A	8	37
86A	9	1
86A	9	1
86A	9	2
86A	9	3
86A	9	4
86A	9	5
86A	9	6
86A	9	7
86A	9	8
86A	9	9
86A	9	10
86A	9	11
86A	9	12
86A	9	12
86A	9	13
86A	9	14
86A	9	15
86A	9	16
86A	9	17
86A	9	18
86A	9	19
86A	9	20
86A	9	21
86A	9	22
86A	9	23
86A	10	1
86A	10	1
86A	11	1
86A	11	1
86A	11	2
86A	11	3
86A	11	4
86A	11	5
86A	11	6
86A	11	7
86A	11	8
86A	11	9
86A	11	10
86A	11	11
86A	12	1
86A	12	1
86A	13	1
86A	13	1
86A	13	2
86A	13	3
86A	13	4
86A	14	1
86A	14	1
