01O	23	5		0
01O	23	6		0
01O	23	6		0
01O	23	14		0
01O	23	15		0
01O	23	15		0
01O	31	26		0
01O	31	26		0
01O	31	27		0
01O	31	44		0
01O	31	46		0
01O	31	46		0
01O	31	48		0
01O	31	50		0
01O	31	44		0
01O	31	48		0
01O	31	52		0
01O	31	48		0
01O	32	1		0
01O	32	2		0
01O	32	3		0
01O	32	4		0
01O	32	5		0
01O	32	6		0
01O	32	7		0
01O	32	8		0
01O	32	9		0
01O	32	10		0
01O	32	11		0
01O	32	12		0
01O	32	13		0
01O	32	14		0
01O	32	15		0
01O	32	16		0
01O	32	17		0
01O	32	18		0
01O	32	19		0
01O	32	20		0
01O	32	21		0
01O	32	22		0
01O	32	23		0
01O	32	24		0
01O	32	25		0
01O	32	26		0
01O	32	27		0
01O	32	28		0
01O	32	29		0
01O	32	30		0
01O	32	31		0
01O	32	32		0
01O	32	33		0
01O	35	16		0
01O	35	16		0
01O	47	5		0
01O	47	6		0
01O	47	6		0
02O	7	26		0
02O	7	27		0
02O	7	28		0
02O	7	29		0
02O	8	1		0
02O	8	2		0
02O	8	3		0
02O	8	4		0
02O	8	5		0
02O	8	6		0
02O	8	7		0
02O	8	8		0
02O	8	9		0
02O	8	10		0
02O	8	11		0
02O	8	12		0
02O	8	13		0
02O	8	14		0
02O	8	15		0
02O	8	16		0
02O	8	17		0
02O	8	18		0
02O	8	19		0
02O	8	20		0
02O	8	21		0
02O	8	22		0
02O	8	23		0
02O	8	24		0
02O	8	25		0
02O	8	26		0
02O	8	27		0
02O	8	28		0
02O	20	15		0
02O	20	13		0
02O	20	14		0
02O	21	17		0
02O	21	16		0
02O	21	37		0
02O	22	1		0
02O	22	2		0
02O	22	3		0
02O	22	4		0
02O	22	5		0
02O	22	6		0
02O	22	7		0
02O	22	8		0
02O	22	9		0
02O	22	10		0
02O	22	11		0
02O	22	12		0
02O	22	13		0
02O	22	14		0
02O	22	15		0
02O	22	16		0
02O	22	17		0
02O	22	18		0
02O	22	19		0
02O	22	20		0
02O	22	21		0
02O	22	22		0
02O	22	23		0
02O	22	24		0
02O	22	25		0
02O	22	26		0
02O	22	27		0
02O	22	28		0
02O	22	29		0
02O	22	30		0
02O	25			1
02O	25	38		0
02O	25	38		0
02O	25	39		0
02O	28			1
02O	28			1
02O	28			1
02O	28			1
02O	28			1
02O	28			1
02O	28	29		0
02O	28	29	a	0
02O	29	20		0
02O	29	21		0
02O	29	21		0
02O	30	27		0
02O	30	28		0
02O	30	28		0
02O	35	12	a	0
02O	35	12	a	0
02O	35			1
02O	37	1		0
02O	37	2		0
02O	37	2		0
02O	37	2		0
02O	37	2		0
02O	37	2		0
02O	37	2		0
02O	37	2		0
02O	37	2		0
02O	37	2		0
02O	37	2		0
02O	37	2		0
02O	37	2		0
02O	37	2		0
02O	37	2		0
02O	37	2		0
02O	37	2		0
02O	37	2		0
02O	37	2		0
02O	37	2		0
02O	37	2		0
02O	37	2		0
02O	37	2		0
02O	37	2		0
02O	37	2		0
02O	37	2		0
02O	37	2		0
02O	37	3		0
02O	37	4		0
02O	37	5		0
02O	37	6		0
02O	38	1		0
02O	38	2		0
02O	38	3		0
02O	38	3		0
02O	38	3		0
02O	38	3		0
02O	38	4		0
02O	38	5		0
02O	38	6		0
02O	38	7		0
02O	38	8		0
02O	38	9		0
02O	38	9		0
02O	38	9		0
02O	38	10		0
02O	38	10		0
02O	38	11		0
02O	38	12		0
02O	38	13		0
02O	38	14		0
02O	38	15		0
02O	38	15		0
02O	38	14		0
02O	38	15		0
02O	38	15		0
02O	38	15		0
02O	38	16		0
02O	38	17		0
02O	38	17		0
02O	38	17		0
02O	38	17		0
02O	38	17		0
02O	38	17		0
02O	38	25		0
02O	38	22		0
02O	38	23		0
02O	38	23		0
02O	38	24		0
02O	38	24		0
02O	38	24		0
02O	38	24		0
02O	38	26		0
02O	37	7		0
02O	37	8		0
02O	37	9		0
02O	37	10		0
02O	37	11		0
02O	37	12		0
02O	37	13		0
02O	37	14		0
02O	37	15		0
02O	37	16		0
02O	38	18		0
02O	38	19		0
02O	37	17		0
02O	37	18		0
02O	38	20		0
02O	38	21		0
02O	37	19		0
02O	37	20		0
02O	37	21		0
02O	39	1		0
02O	39	2		0
02O	39	3		0
02O	39	4		0
02O	39	5		0
02O	39	6		0
02O	39	7		0
02O	39	9		0
02O	39	8		0
02O	39	11		0
02O	39	12		0
02O	36	8		0
02O	36	9		0
02O	36	10		0
02O	36	11		0
02O	36	12		0
02O	36	12		0
02O	36	13		0
02O	36	14		0
02O	36	15		0
02O	36	16		0
02O	36	17		0
02O	36	18		0
02O	36	19		0
02O	36	20		0
02O	36	21		0
02O	36	22		0
02O	36	23		0
02O	36	24		0
02O	36	25		0
02O	36	26		0
02O	36	27		0
02O	36	28		0
02O	36	29		0
02O	36	30		0
02O	36	31		0
02O	36	32		0
02O	36	33		0
02O	36	34		0
02O	36	35		0
02O	36	36		0
02O	36	37		0
02O	36	38		0
02O	39	10		0
02O	39	13		0
02O	39	20		0
02O	39	14		0
02O	39	17		0
02O	39	16		0
02O	39	15		0
02O	39	15		0
02O	39	19		0
02O	39	18		0
02O	39	21		0
02O	39	22		0
02O	39	23		0
02O	40	6		0
02O	40	6		0
02O	40	10		0
02O	40	10		0
02O	40	27		0
02O	40	27		0
02O	38	27		0
02O	38	27		0
02O	38	27		0
03O	5	20		0
03O	5	21		0
03O	5	22		0
03O	5	23		0
03O	5	24		0
03O	5	25		0
03O	5	26		0
03O	6	1		0
03O	6	2		0
03O	6	3		0
03O	6	4		0
03O	6	5		0
03O	6	6		0
03O	6	7		0
03O	6	8		0
03O	6	9		0
03O	6	10		0
03O	6	11		0
03O	6	12		0
03O	6	13		0
03O	6	14		0
03O	6	15		0
03O	6	16		0
03O	6	17		0
03O	6	18		0
03O	6	19		0
03O	6	20		0
03O	6	21		0
03O	6	22		0
03O	6	23		0
03O	8	10		0
03O	8	11		0
03O	8	11		0
04O	1	36		0
04O	1	37		0
04O	1	24		0
04O	1	25		0
04O	1	26		0
04O	1	27		0
04O	1	28		0
04O	1	29		0
04O	1	30		0
04O	1	31		0
04O	1	32		0
04O	1	33		0
04O	1	34		0
04O	1	35		0
04O	6	23		0
04O	6	23		0
04O	10	36		0
04O	10	34		0
04O	10	35		0
04O	15	14		0
04O	15	14		0
04O	15	15		0
04O	17	1		0
04O	17	2		0
04O	17	3		0
04O	17	4		0
04O	17	5		0
04O	17	6		0
04O	17	7		0
04O	17	8		0
04O	17	9		0
04O	17	10		0
04O	17	11		0
04O	17	12		0
04O	17	13		0
04O	17	14		0
04O	17	15		0
04O	17	16		0
04O	17	17		0
04O	17	18		0
04O	17	19		0
04O	17	20		0
04O	17	21		0
04O	17	22		0
04O	17	23		0
04O	17	24		0
04O	17	25		0
04O	17	26		0
04O	17	27		0
04O	17	28		0
04O	25	18		0
04O	26	1		0
04O	26	1		0
04O	26	24		0
04O	26	25		0
04O	26	26		0
04O	26	27		0
04O	26	15		0
04O	26	16		0
04O	26	17		0
04O	26	18		0
04O	26	19		0
04O	26	20		0
04O	26	21		0
04O	26	22		0
04O	26	23		0
04O	26	32		0
04O	26	33		0
04O	26	34		0
04O	26	35		0
04O	26	36		0
04O	26	37		0
04O	26	38		0
04O	26	39		0
04O	26	40		0
04O	26	41		0
04O	26	42		0
04O	26	43		0
04O	26	44		0
04O	26	45		0
04O	26	46		0
04O	26	47		0
04O	26	28		0
04O	26	29		0
04O	26	30		0
04O	26	31		0
04O	28	23		0
04O	28	24		0
04O	28	24		0
04O	30	1		0
04O	30	2		0
04O	30	3		0
04O	30	4		0
04O	30	5		0
04O	30	6		0
04O	30	7		0
04O	30	8		0
04O	30	9		0
04O	30	10		0
04O	30	11		0
04O	30	12		0
04O	30	13		0
04O	30	14		0
04O	30	15		0
04O	30	16		0
04O	30	17		0
04O	35	14		0
04O	35	15		0
04O	35	15		0
05O	4	29		0
05O	4	29		0
05O	4	30		0
05O	5	18		0
05O	5	17		0
05O	13	1		0
05O	13	2		0
05O	13	3		0
05O	13	4		0
05O	13	5		0
05O	13	6		0
05O	13	7		0
05O	13	8		0
05O	13	9		0
05O	13	10		0
05O	13	11		0
05O	13	12		0
05O	13	13		0
05O	13	14		0
05O	13	15		0
05O	13	16		0
05O	13	17		0
05O	13	18		0
05O	13	19		0
05O	20	15		0
05O	20	16		0
05O	20	16		0
05O	23	1		0
05O	23	2		0
05O	23	3		0
05O	23	4		0
05O	23	5		0
05O	23	6		0
05O	23	7		0
05O	23	8		0
05O	23	9		0
05O	23	10		0
05O	23	11		0
05O	23	12		0
05O	23	13		0
05O	23	14		0
05O	23	15		0
05O	23	16		0
05O	23	17		0
05O	23	18		0
05O	23	19		0
05O	23	20		0
05O	23	21		0
05O	23	22		0
05O	23	23		0
05O	23	24		0
05O	23	25		0
05O	23	26		0
05O	23	26		0
05O	28	69		0
05O	29	1		0
05O	29	2		0
05O	29	3		0
05O	29	4		0
05O	29	5		0
05O	29	6		0
05O	29	7		0
05O	29	8		0
05O	29	9		0
05O	29	10		0
05O	29	11		0
05O	29	12		0
05O	29	13		0
05O	29	14		0
05O	29	15		0
05O	29	16		0
05O	29	17		0
05O	29	18		0
05O	29	19		0
05O	29	20		0
05O	29	21		0
05O	29	22		0
05O	29	23		0
05O	29	24		0
05O	29	25		0
05O	29	26		0
05O	29	27		0
05O	29	28		0
06O	6			1
06O	6	6		0
06O	6	7		0
06O	6	7		0
06O	6	13		0
06O	6	14		0
06O	6	14		0
06O	8			1
06O	8			1
06O	9	2	a	0
06O	9	2	b	0
06O	9	2	c	0
06O	9	2	d	0
06O	9	2	e	0
06O	9	2	f	0
06O	10			1
06O	10			1
06O	11	2		0
06O	11	3		0
06O	11	3		0
06O	12	21		0
06O	12	22		0
06O	12	22		0
06O	12	21		0
06O	13			1
06O	15	24		0
06O	15	24		0
06O	15	25		0
06O	15	59		0
06O	15	59	a	0
06O	16	1		0
06O	16	1		0
06O	16	2		0
06O	16	3		0
06O	16	5		0
06O	16	5		0
06O	19	47		0
06O	19	47	a	0
06O	19	48		0
06O	19	48	a	0
06O	20	3		0
06O	20			1
06O	20			1
06O	20	3		0
06O	21	42		0
06O	21	42	a	0
06O	21	42	b	0
06O	21	42	c	0
06O	21	42	d	0
06O	24	30		0
06O	24	31		0
06O	24	31	a	0
06O	24	29		0
06O	24	33		0
06O	24	33	a	0
06O	24	33	b	0
07O	5	10		0
07O	5	11		0
07O	5	11		0
07O	11			1
09O	1	24		0
09O	1	25		0
09O	1	25		0
09O	3	13		0
09O	3	13		0
09O	3	14		0
09O	4	15		0
09O	4	15		0
09O	4	16		0
09O	5	3		0
09O	5	4		0
09O	5	4		0
09O	10	27		0
09O	11	1		0
09O	11	1		0
09O	13			1
09O	17			1
09O	17			1
09O	17			1
09O	17			1
09O	17			1
09O	17			1
09O	17			1
09O	17			1
09O	17			1
09O	17			1
09O	17			1
09O	17			1
09O	17			1
09O	17			1
09O	17			1
09O	17			1
09O	17			1
09O	17			1
09O	17			1
09O	17			1
09O	17			1
09O	17	45		0
09O	17	46		0
09O	17	46		0
09O	17			1
09O	17			1
09O	17			1
09O	17			1
09O	17			1
09O	18			1
09O	18			1
09O	18			1
09O	18			1
09O	18			1
09O	18			1
09O	18			1
09O	18			1
09O	18			1
09O	18			1
09O	18			1
09O	19	10		0
09O	19	11		0
09O	19	11		0
09O	20	42		0
09O	21	1		0
09O	21	2		0
09O	21	3		0
09O	21	4		0
09O	21	5		0
09O	21	6		0
09O	21	7		0
09O	21	8		0
09O	21	9		0
09O	21	10		0
09O	21	11		0
09O	21	12		0
09O	21	13		0
09O	21	14		0
09O	21	15		0
09O	21	16		0
09O	19	11		0
09O	24	1		0
09O	24	2		0
09O	24	3		0
09O	24	4		0
09O	24	5		0
09O	24	6		0
09O	24	7		0
09O	24	8		0
09O	24	9		0
09O	24	10		0
09O	24	11		0
09O	24	12		0
09O	24	13		0
09O	24	14		0
09O	24	15		0
09O	24	16		0
09O	24	17		0
09O	24	18		0
09O	24	19		0
09O	24	20		0
09O	24	21		0
09O	24	22		0
09O	24	23		0
09O	30	28		0
09O	30	28	a	0
10O	3	24		0
10O	3	25		0
10O	3	25		0
10O	5	14		0
10O	5	16	a	0
10O	5	16	a	0
10O	5	15		0
10O	5	16		0
10O	5	16	a	0
10O	7	11		0
10O	7	12		0
10O	7	12		0
10O	15	19		0
10O	15	20		0
10O	15	20		0
10O	19	1		0
10O	19	2		0
10O	19	3		0
10O	19	4		0
10O	19	5		0
10O	19	6		0
10O	19	7		0
10O	19	8		0
10O	19	9		0
10O	19	10		0
10O	19	11		0
10O	19	11		0
10O	19	12		0
10O	19	13		0
10O	19	14		0
10O	19	15		0
10O	19	16		0
10O	19	17		0
10O	19	18		0
10O	19	19		0
10O	19	20		0
10O	19	21		0
10O	19	22		0
10O	19	23		0
10O	19	24		0
10O	19	25		0
10O	19	26		0
10O	19	27		0
10O	19	28		0
10O	19	29		0
10O	19	30		0
10O	19	31		0
10O	19	32		0
10O	19	33		0
10O	19	34		0
10O	19	35		0
10O	19	36		0
10O	19	37		0
10O	19	38		0
10O	19	39		0
10O	19	40		0
10O	19	41		0
10O	19	42		0
10O	19	43		0
10O	19	44		0
10O	20	18		0
10O	20	18		0
10O	20	19		0
10O	22	38		0
10O	22	38		0
10O	22	39		0
10O	23	5		0
10O	23	5		0
10O	23	6		0
10O	23	8		0
10O	23	24		0
10O	23	14		0
10O	23	15		0
10O	23	15		0
10O	23	24		0
11O	2	35		0
11O	2	35	a	0
11O	2	35	b	0
11O	2	35	d	0
11O	2	35	e	0
11O	2	35	l	0
11O	2	35	m	0
11O	2	35	n	0
11O	2	35	o	0
11O	2	46		0
11O	2	46	h	0
11O	2	46	c	0
11O	2	46	e	0
11O	2	46	l	0
11O	5	14	a	0
11O	2	35	k	0
11O	2	35	c	0
11O	3	4		0
11O	3	4		0
11O	3	5		0
11O	4	17		0
11O	4	19		0
11O	4	19		0
11O	2	46	a	0
11O	2	46	b	0
11O	10	26	a	0
11O	2	46	k	0
11O	5	2		0
11O	5	3		0
11O	5	4		0
11O	2	46	f	0
11O	2	46	g	0
11O	2	46	i	0
11O	5	1		0
11O	5	1		0
11O	5	9		0
11O	5	10		0
11O	5	11		0
11O	5	12		0
11O	5	13		0
11O	5	14		0
11O	5	14	a	0
11O	5	14	b	0
11O	5	15		0
11O	5	16		0
11O	5	17		0
11O	5	18		0
11O	5	19		0
11O	5	20		0
11O	5	21		0
11O	5	22		0
11O	5	23		0
11O	5	24		0
11O	5	25		0
11O	5	26		0
11O	5	27		0
11O	5	28		0
11O	5	29		0
11O	5	30		0
11O	6	1	a	0
11O	6	1	b	0
11O	5	32		0
11O	6	3		0
11O	6			1
11O	6			1
11O	6			1
11O	6	3		0
11O	6			1
11O	6	36		0
11O	6	36	a	0
11O	6	1	c	0
11O	6	1	d	0
11O	7	38		0
11O	7	50		0
11O	7	39		0
11O	7	40		0
11O	7	41		0
11O	7	42		0
11O	7	43		0
11O	7	44		0
11O	7	45		0
11O	7	46		0
11O	7	47		0
11O	7	48		0
11O	7	49		0
11O	7	1		0
11O	7	2		0
11O	7	3		0
11O	7	4		0
11O	7	5		0
11O	7	6		0
11O	7	8		0
11O	7	9		0
11O	7	7		0
11O	7	10		0
11O	7	10		0
11O	7	11		0
11O	7	13		0
11O	7	12		0
11O	7	14		0
11O	7	15		0
11O	7	16		0
11O	7	17		0
11O	7			1
11O	7	18		0
11O	7	19		0
11O	7	20		0
11O	7	21		0
11O	7	21		0
11O	7	22		0
11O	7	23		0
11O	7	24		0
11O	7	25		0
11O	7	26		0
11O	7	27		0
11O	7	28		0
11O	7	29		0
11O	7	30		0
11O	7	31		0
11O	7	33		0
11O	7	32		0
11O	7	34		0
11O	7	35		0
11O	7	36		0
11O	7	37		0
11O	8	53	a	0
11O	8	53	a	0
11O	10	22	a	0
11O	2	35	i	0
11O	5	14	b	0
11O	5	14	b	0
11O	2	35	i	0
11O	10	22	a	0
11O	10	22	a	0
11O	2	35	i	0
11O	2	46	d	0
11O	10	22	a	0
11O	10	22	b	0
11O	10	22	b	0
11O	10	22	c	0
11O	2	35	h	0
11O	2	35	f	0
11O	9	9	a	0
11O	2	35	g	0
11O	11	1		0
11O	11	1		0
11O	11	6		0
11O	11	7		0
11O	11	8		0
11O	11	5		0
11O	11	7		0
11O	11	14		0
11O	11	14		0
11O	11	14		0
11O	11	14		0
11O	11	25		0
11O	11			1
11O	11	43		0
11O	11	43		0
11O	12			1
11O	12	24		0
11O	12	24	a	0
11O	12	24	b	0
11O	12	24	c	0
11O	12	24	d	0
11O	12	24	e	0
11O	12	24	f	0
11O	12	24	g	0
11O	12	24	n	0
11O	12	24	o	0
11O	12	24	p	0
11O	12	24	q	0
11O	12	24	r	0
11O	12	24	s	0
11O	12	24	t	0
11O	12	24	u	0
11O	12	24	x	0
11O	12	24	y	0
11O	12	24	z	0
11O	12	24	l	0
11O	13			1
11O	14			1
11O	12	24	h	0
11O	12	24	h	0
11O	12	24	i	0
11O	12	24	k	0
11O	12	24	k	0
11O	12	24	k	0
11O	14			1
11O	14			1
11O	14			1
11O	12	24	m	0
11O	12	24	m	0
11O	14			1
11O	12	24	m	0
11O	14			1
11O	14			1
11O	14			1
11O	14			1
11O	14			1
11O	14			1
11O	14			1
11O	15			1
11O	15			1
11O	16	28		0
11O	16	28	a	0
11O	16	28	b	0
11O	16	28	c	0
11O	16	28	h	0
11O	18	30		0
11O	18	32		0
11O	18	32		0
11O	21	1		0
11O	21	2		0
11O	21	3		0
11O	21	4		0
11O	21	5		0
11O	21	6		0
11O	21	7		0
11O	21	8		0
11O	21	9		0
11O	21	10		0
11O	21	11		0
11O	21	12		0
11O	21	13		0
11O	21	14		0
11O	21	15		0
11O	21	16		0
11O	21	17		0
11O	21	18		0
11O	21	19		0
11O	21	20		0
11O	21	21		0
11O	21	22		0
11O	21	23		0
11O	21	24		0
11O	21	25		0
11O	21	26		0
11O	21	27		0
11O	21	28		0
11O	21	29		0
11O	21	30		0
11O	21	31		0
11O	21	32		0
11O	21	33		0
11O	21	34		0
11O	21	35		0
11O	21	36		0
11O	21	37		0
11O	21	38		0
11O	21	39		0
11O	21	40		0
11O	21	41		0
11O	21	42		0
11O	21	43		0
11O	20	1		0
11O	20	2		0
11O	20	3		0
11O	20	4		0
11O	20	5		0
11O	20	6		0
11O	20	7		0
11O	20	8		0
11O	20	9		0
11O	20	10		0
11O	20	11		0
11O	20	12		0
11O	20	13		0
11O	20	14		0
11O	20	15		0
11O	20	16		0
11O	20	17		0
11O	20	18		0
11O	20	19		0
11O	20	20		0
11O	20	21		0
11O	20	22		0
11O	20	23		0
11O	20	24		0
11O	20	25		0
11O	20	26		0
11O	20	27		0
11O	20	28		0
11O	20	29		0
11O	22	43		0
11O	22	44		0
11O	22	45		0
11O	22	46		0
11O	16	28	d	0
11O	16	28	e	0
11O	16	28	f	0
11O	16	28	f	0
11O	16	28	g	0
11O	22	51		0
11O	22	52		0
11O	22	53		0
11O	22	54		0
12O	1	18		0
12O	1	18	a	0
12O	1	18	b	0
12O	1	18	c	0
12O	1	18	d	0
12O	4	24		0
12O	4	25		0
12O	4	25		0
12O	5	17		0
12O	5	17		0
12O	5	18		0
12O	12	1		0
12O	12	2		0
12O	12	3		0
12O	12	4		0
12O	12	5		0
12O	12	6		0
12O	12	7		0
12O	12	8		0
12O	12	9		0
12O	12	10		0
12O	12	11		0
12O	12	12		0
12O	12	13		0
12O	12	14		0
12O	12	15		0
12O	12	16		0
12O	12	17		0
12O	12	18		0
12O	12	19		0
12O	12	20		0
12O	12	21		0
12O	12	22		0
13O	1			1
13O	1			1
13O	1			1
13O	1			1
13O	1			1
13O	1			1
13O	1			1
13O	1			1
13O	1			1
13O	1			1
13O	1			1
13O	1			1
13O	2	9		0
13O	2	9		0
13O	2	10		0
13O	5	4		0
13O	5	5		0
13O	5	5		0
13O	5	6		0
13O	5	6		0
13O	5	14		0
13O	5	15		0
13O	5	15		0
13O	5	27		0
13O	5	28		0
13O	5	29		0
13O	5	30		0
13O	5	31		0
13O	5	32		0
13O	5	33		0
13O	5	34		0
13O	5	35		0
13O	5	36		0
13O	5	37		0
13O	5	38		0
13O	5	39		0
13O	5	40		0
13O	5	41		0
13O	6	1		0
13O	6	2		0
13O	6	3		0
13O	6	4		0
13O	6	5		0
13O	6	6		0
13O	6	7		0
13O	6	8		0
13O	6	9		0
13O	6	10		0
13O	6	11		0
13O	6	12		0
13O	6	13		0
13O	6	14		0
13O	6	15		0
13O	6	16		0
13O	6	17		0
13O	6	18		0
13O	6	19		0
13O	6	20		0
13O	6	21		0
13O	6	22		0
13O	6	23		0
13O	6	24		0
13O	6	25		0
13O	6	26		0
13O	6	27		0
13O	6	28		0
13O	6	29		0
13O	6	30		0
13O	6	31		0
13O	6	32		0
13O	6	33		0
13O	6	34		0
13O	6	35		0
13O	6	36		0
13O	6	37		0
13O	6	38		0
13O	6	39		0
13O	6	40		0
13O	6	41		0
13O	6	42		0
13O	6	43		0
13O	6	44		0
13O	6	45		0
13O	6	46		0
13O	6	47		0
13O	6	48		0
13O	6	49		0
13O	6	50		0
13O	6	51		0
13O	6	52		0
13O	6	53		0
13O	6	54		0
13O	6	55		0
13O	6	56		0
13O	6	57		0
13O	6	58		0
13O	6	59		0
13O	6	60		0
13O	6	61		0
13O	6	62		0
13O	6	63		0
13O	6	64		0
13O	6	65		0
13O	6	66		0
13O	12	4		0
13O	12	5		0
13O	12	6		0
13O	12	7		0
13O	12	8		0
13O	12	9		0
13O	12	10		0
13O	12	11		0
13O	12	12		0
13O	12	13		0
13O	12	14		0
13O	12	15		0
13O	12	16		0
13O	12	17		0
13O	12	18		0
13O	12	19		0
13O	12	20		0
13O	12	21		0
13O	12	22		0
13O	12	23		0
13O	12	24		0
13O	12	25		0
13O	12	26		0
13O	12	27		0
13O	12	28		0
13O	12	29		0
13O	12	30		0
13O	12	31		0
13O	12	32		0
13O	12	33		0
13O	12	34		0
13O	12	35		0
13O	12	36		0
13O	12	37		0
13O	12	38		0
13O	12	39		0
13O	12	40		0
13O	12	41		0
13O	16			1
13O	27	4		0
13O	27	4		0
13O	27	5		0
14O	1	18		0
14O	2	1		0
14O	2	2		0
14O	2	3		0
14O	2	4		0
14O	2	5		0
14O	2	6		0
14O	2	7		0
14O	2	8		0
14O	2	9		0
14O	2	10		0
14O	2	11		0
14O	2	12		0
14O	2	13		0
14O	2	14		0
14O	2	15		0
14O	2	16		0
14O	2	17		0
14O	8	7		0
14O	8	8		0
14O	8	8		0
14O	11	22		0
14O	11	22		0
14O	11	23		0
14O	13	23		0
14O	14	1		0
14O	14	2		0
14O	14	3		0
14O	14	4		0
14O	14	5		0
14O	14	6		0
14O	14	7		0
14O	14	8		0
14O	14	9		0
14O	14	10		0
14O	14	11		0
14O	14	12		0
14O	14	13		0
14O	14	14		0
14O	20	35		0
14O	20	36		0
14O	20	36		0
14O	27			1
14O	29	9		0
14O	29	10		0
14O	29	10		0
14O	30	18		0
14O	30	19		0
14O	30	19		0
14O	32	4		0
14O	32	4		0
14O	32	5		0
14O	35	19		0
14O	35	19	a	0
14O	35	19	b	0
14O	35	19	d	0
14O	35	19	c	0
14O	36	2		0
14O	36	2	a	0
14O	36	2	b	0
14O	36	2	c	0
14O	36	4		0
14O	36	4	a	0
14O	36	5		0
14O	36	5	a	0
14O	36	5	b	0
14O	36	5	c	0
14O	36	5	d	0
15O	5	11		0
15O	5	11		0
15O	5	12		0
15O	11	1		0
15O	11	2		0
15O	11	3		0
15O	11	4		0
15O	11	5		0
15O	11	6		0
15O	11	7		0
15O	11	8		0
15O	11	9		0
15O	11	10		0
15O	11	11		0
15O	12	1		0
15O	12	2		0
15O	12	3		0
15O	12	4		0
15O	12	5		0
15O	12	6		0
15O	12	7		0
15O	12	8		0
15O	12	9		0
15O	12	10		0
15O	12	11		0
15O	12	12		0
15O	12	13		0
15O	12	14		0
15O	12	15		0
15O	12	16		0
15O	12	17		0
15O	12	18		0
15O	12	19		0
15O	12	20		0
15O	13	1		0
15O	13	2		0
15O	13	3		0
15O	13	4		0
15O	13	5		0
15O	13	6		0
16O	3			1
15O	13	8		0
15O	13	9		0
15O	13	10		0
15O	13	11		0
15O	13	12		0
15O	13	13		0
15O	13	14		0
15O	13	15		0
15O	13	16		0
15O	13	17		0
15O	13	18		0
15O	13	19		0
15O	13	20		0
15O	13	21		0
15O	13	22		0
15O	13	23		0
15O	13	24		0
15O	13	25		0
15O	13	26		0
15O	13	27		0
15O	13	28		0
15O	13	29		0
15O	13	30		0
15O	13	31		0
15O	13	32		0
15O	13	33		0
15O	13	34		0
15O	13	35		0
15O	13	35		0
15O	13	36		0
15O	13	37		0
16O	4			1
15O	14	1		0
15O	14	2		0
15O	14	3		0
15O	14	4		0
15O	14	5		0
15O	14	6		0
15O	14	7		0
15O	14	8		0
15O	14	9		0
15O	14	10		0
15O	14	11		0
15O	14	12		0
15O	14	13		0
15O	14	14		0
15O	14	15		0
15O	14	16		0
15O	14	17		0
15O	15	1		0
15O	15	2		0
15O	15	3		0
15O	15	4		0
15O	15	5		0
15O	15	6		0
15O	15	7		0
15O	15	8		0
15O	15	9		0
15O	15	10		0
15O	15	11		0
15O	15	12		0
15O	15	13		0
15O	15	14		0
15O	15	15		0
15O	15	16		0
15O	15	17		0
15O	15	18		0
15O	15	19		0
15O	16	1		0
15O	16	2		0
15O	16	3		0
15O	16	4		0
15O	16	5		0
15O	16	6		0
15O	16	7		0
15O	16	7		0
15O	16	8		0
15O	16	9		0
15O	16	10		0
15O	16	11		0
15O	16	12		0
15O	16	13		0
15O	16	14		0
15O	16	15		0
15O	16	16		0
15O	16	17		0
15O	16	18		0
15O	16	19		0
15O	17	1		0
15O	17	2		0
15O	17	3		0
15O	17	4		0
15O	17	5		0
15O	17	6		0
15O	17	7		0
15O	17	8		0
15O	17	9		0
15O	17	10		0
15O	17	11		0
15O	17	12		0
15O	17	13		0
15O	17	14		0
15O	17	15		0
15O	17	16		0
15O	17	17		0
15O	17	18		0
15O	17	19		0
15O	17	20		0
15O	17	21		0
15O	17	22		0
15O	17	23		0
15O	17	24		0
15O	17	25		0
15O	17	26		0
15O	17	27		0
15O	17	28		0
15O	17	29		0
15O	17	30		0
15O	17	31		0
15O	17	32		0
15O	17	33		0
15O	17	34		0
15O	17	35		0
15O	17	36		0
15O	17	37		0
15O	17	38		0
15O	17	39		0
15O	17	40		0
15O	17	41		0
15O	17	42		0
15O	17	43		0
15O	17	44		0
15O	17	45		0
15O	17	46		0
15O	17	47		0
15O	17	48		0
15O	17	49		0
15O	17	50		0
15O	17	51		0
15O	17	52		0
15O	17	53		0
15O	17	54		0
15O	17	55		0
15O	17	56		0
15O	17	57		0
15O	17	58		0
15O	17	59		0
15O	17	60		0
15O	17	61		0
15O	17	62		0
15O	17	63		0
15O	17	64		0
15O	17	65		0
15O	17	66		0
15O	17	67		0
15O	17	68		0
15O	17	69		0
15O	17	70		0
15O	17	71		0
15O	17	72		0
15O	17	73		0
15O	18	1		0
15O	18	2		0
15O	18	3		0
15O	18	4		0
15O	18	5		0
15O	18	6		0
15O	18	7		0
15O	18	8		0
15O	18	9		0
15O	18	10		0
15O	18	11		0
15O	18	12		0
15O	18	13		0
15O	18	14		0
15O	18	15		0
15O	18	16		0
15O	18	17		0
15O	18	18		0
15O	19	1		0
15O	19	2		0
15O	19	3		0
15O	19	4		0
15O	19	5		0
15O	19	6		0
15O	19	7		0
15O	19	8		0
15O	19	9		0
15O	19	10		0
15O	19	11		0
15O	19	12		0
15O	19	13		0
15O	19	14		0
15O	19	15		0
15O	19	16		0
15O	19	17		0
15O	19	18		0
15O	19	19		0
15O	19	20		0
15O	19	21		0
15O	19	22		0
15O	19	23		0
15O	19	24		0
15O	19	25		0
15O	19	26		0
15O	19	27		0
15O	19	28		0
15O	19	29		0
15O	19	30		0
15O	19	31		0
15O	19	32		0
15O	19	33		0
15O	19	34		0
15O	19	35		0
15O	19	36		0
15O	19	37		0
15O	20	1		0
15O	20	2		0
15O	20	3		0
15O	20	4		0
15O	20	5		0
15O	20	6		0
15O	20	7		0
15O	20	8		0
15O	20	9		0
15O	20	10		0
15O	20	11		0
15O	20	12		0
15O	20	13		0
15O	20	14		0
15O	20	15		0
15O	20	16		0
15O	20	17		0
15O	20	18		0
15O	20	19		0
15O	20	20		0
15O	20	21		0
15O	20	22		0
15O	20	23		0
15O	20	24		0
15O	20	25		0
15O	20	26		0
15O	20	27		0
15O	20	28		0
15O	20	29		0
15O	20	30		0
15O	20	31		0
15O	20	32		0
15O	20	33		0
15O	20	34		0
15O	20	35		0
15O	20	36		0
15O	20	37		0
15O	20	38		0
15O	20	39		0
15O	20	40		0
15O	21	1		0
15O	21	2		0
15O	21	3		0
15O	21	4		0
15O	21	5		0
15O	21	6		0
15O	21	7		0
15O	21	8		0
15O	21	9		0
15O	21	10		0
15O	21	11		0
15O	21	12		0
15O	21	13		0
15O	21	14		0
15O	21	15		0
16O	11			1
15O	21	17		0
15O	21	18		0
15O	21	19		0
16O	11			1
16O	11			1
15O	21	22		0
15O	21	23		0
15O	21	24		0
15O	21	25		0
15O	21	26		0
15O	21	27		0
16O	11			1
16O	11			1
15O	21	30		0
15O	21	31		0
16O	11			1
16O	11			1
16O	11			1
16O	11			1
15O	21	36		0
15O	22	1		0
15O	22	2		0
15O	22	3		0
16O	12			1
16O	12			1
16O	12			1
15O	22	7		0
15O	22	8		0
15O	22	9		0
15O	22	10		0
15O	22	11		0
15O	22	12		0
15O	22	13		0
15O	22	14		0
15O	22	15		0
15O	22	16		0
15O	22	17		0
15O	22	18		0
15O	22	19		0
15O	22	20		0
15O	22	21		0
15O	22	22		0
15O	22	23		0
15O	22	24		0
15O	22	25		0
15O	22	26		0
15O	22	27		0
15O	22	28		0
15O	22	29		0
15O	22	30		0
15O	22	31		0
15O	22	32		0
15O	22	33		0
15O	22	34		0
15O	22	35		0
15O	22	36		0
15O	22	37		0
15O	22	38		0
15O	22	39		0
15O	22	40		0
15O	22	41		0
15O	22	42		0
15O	22	43		0
15O	22	44		0
15O	22	45		0
15O	22	46		0
15O	22	47		0
15O	23	1		0
15O	23	2		0
15O	23	3		0
15O	23	4		0
15O	23	5		0
15O	23	6		0
15O	23	7		0
15O	23	8		0
15O	23	9		0
15O	23	10		0
15O	23	11		0
15O	23	12		0
15O	23	13		0
15O	23	14		0
15O	23	15		0
15O	23	16		0
15O	23	17		0
15O	23	18		0
15O	23	19		0
15O	23	20		0
15O	23	21		0
15O	23	22		0
15O	23	23		0
15O	23	24		0
15O	23	25		0
15O	23	26		0
15O	23	27		0
15O	23	28		0
15O	23	29		0
15O	23	30		0
15O	23	31		0
17O	1	17		0
17O	1	18		0
17O	1	18		0
17O	4			1
17O	5			1
17O	5			1
17O	9	1		0
17O	9	2		0
17O	9	2		0
17O	9			1
17O	9	16		0
17O	9	16		0
17O	9	17		0
17O	9	27		0
17O	9	27		0
17O	9	28		0
17O	9			1
17O	9	31		0
17O	9	32		0
17O	9	32		0
18O	1	20		0
18O	1	20		0
18O	1	21		0
18O	2	9		0
18O	2	9	a	0
18O	2	9	b	0
18O	2	9	c	0
18O	2	9	d	0
18O	2	9	e	0
18O	3	5		0
18O	3	6		0
18O	3	6		0
18O	3	22		0
18O	3	23		0
18O	3	23		0
18O	12	5		0
18O	12	5		0
18O	12	6		0
18O	15	23		0
18O	15	23		0
18O	15	24		0
18O	16	9		0
18O	16	10		0
18O	16	10		0
18O	17	1		0
18O	17	1		0
18O	17	2		0
18O	18	11		0
18O	18	11		0
18O	18	12		0
18O	19	4		0
18O	19	4	a	0
18O	19	25		0
18O	19	26		0
18O	19	26		0
18O	23	10		0
18O	23	11		0
18O	23	11		0
18O	23			1
18O	23	15		0
18O	23	15	a	0
18O	24	19		0
18O	24	20		0
18O	24	20		0
18O	28	24		0
18O	28	24		0
18O	28	25		0
18O	30	4		0
18O	30	4		0
18O	30	5		0
18O	31	19		0
18O	31	20		0
18O	31	20		0
18O	31	36		0
18O	31	36		0
18O	31	37		0
18O	32	13		0
18O	32	14		0
18O	32	14		0
18O	32	17		0
18O	32	18		0
18O	32	18		0
18O	33	14		0
18O	33	15		0
18O	33	15		0
18O	36	18		0
18O	36	19		0
18O	36	19		0
18O	36	28		0
18O	36	28	a	0
18O	36	28	b	0
18O	39	21		0
18O	39	22		0
18O	39	22		0
18O	39	27		0
18O	39	28		0
18O	39	27		0
18O	40	25		0
18O	40	26		0
18O	40	27		0
18O	40	28		0
18O	40	29		0
18O	40	30		0
18O	40	31		0
18O	40	32		0
18O	41	1		0
18O	41	2		0
18O	41	3		0
18O	41	4		0
18O	41	5		0
18O	41	6		0
18O	41	7		0
18O	41	8		0
18O	41	9		0
18O	41	10		0
18O	41	11		0
18O	41	12		0
18O	41	13		0
18O	41	14		0
18O	41	15		0
18O	41	16		0
18O	41	17		0
18O	41	18		0
18O	41	19		0
18O	41	20		0
18O	41	21		0
18O	41	22		0
18O	41	23		0
18O	41	24		0
18O	41	25		0
18O	41	26		0
18O	42	17		0
18O	42	17	a	0
18O	42	17	b	0
18O	42	17	c	0
18O	42	17	d	0
18O	42	17	e	0
19O	3	1		0
19O	3	2		0
19O	3	3		0
19O	3	4		0
19O	3	5		0
19O	3	6		0
19O	3	7		0
19O	3	8		0
19O	3	9		0
19O	4	1		0
19O	4	2		0
19O	4	3		0
19O	4	4		0
19O	4	5		0
19O	4	6		0
19O	4	7		0
19O	4	8		0
19O	4	9		0
19O	5	1		0
19O	5	2		0
19O	5	3		0
19O	5	4		0
19O	5	5		0
19O	5	6		0
19O	5	7		0
19O	5	8		0
19O	5	9		0
19O	5	10		0
19O	5	11		0
19O	5	12		0
19O	5	13		0
19O	6	1		0
19O	6	2		0
19O	6	3		0
19O	6	4		0
19O	6	5		0
19O	6	6		0
19O	6	7		0
19O	6	8		0
19O	6	9		0
19O	6	10		0
19O	6	11		0
19O	7	1		0
19O	7	2		0
19O	7	3		0
19O	7	4		0
19O	7	5		0
19O	7	6		0
19O	7	7		0
19O	7	8		0
19O	7	9		0
19O	7	10		0
19O	7	11		0
19O	7	12		0
19O	7	13		0
19O	7	14		0
19O	7	15		0
19O	7	16		0
19O	7	17		0
19O	7	18		0
19O	8	1		0
19O	8	2		0
19O	8	3		0
19O	8	4		0
19O	8	5		0
19O	8	6		0
19O	8	7		0
19O	8	8		0
19O	8	9		0
19O	8	10		0
19O	9	1		0
19O	9	2		0
19O	9	3		0
19O	9	4		0
19O	9	5		0
19O	9	6		0
19O	9	7		0
19O	9	8		0
19O	9	9		0
19O	9	10		0
19O	9	11		0
19O	9	12		0
19O	9	13		0
19O	9	14		0
19O	9	15		0
19O	9	16		0
19O	9	17		0
19O	9	18		0
19O	9	19		0
19O	9	20		0
19O	9	21		0
19O	9	22		0
19O	9	23		0
19O	9	24		0
19O	9	25		0
19O	9	26		0
19O	9	27		0
19O	9	28		0
19O	9	29		0
19O	9	30		0
19O	9	31		0
19O	9	32		0
19O	9	33		0
19O	9	34		0
19O	9	35		0
19O	9	36		0
19O	9	37		0
19O	9	38		0
19O	9	39		0
19O	10	1		0
19O	10	2		0
19O	10	3		0
19O	10	4		0
19O	10	5		0
19O	10	6		0
19O	10	7		0
19O	11	1		0
19O	11	2		0
19O	11	3		0
19O	11	4		0
19O	11	5		0
19O	11	6		0
19O	11	7		0
19O	11	8		0
19O	11	9		0
19O	12	1		0
19O	12	2		0
19O	12	3		0
19O	12	4		0
19O	12	5		0
19O	12	6		0
19O	13	1		0
19O	13	2		0
19O	13	3		0
19O	13	4		0
19O	13	5		0
19O	13	6		0
19O	13	7		0
19O	14	1		0
19O	14	2		0
19O	14	3		0
19O	14	4		0
19O	14	5		0
19O	15	1		0
19O	15	2		0
19O	15	3		0
19O	15	4		0
19O	15	5		0
19O	15	6		0
19O	15	7		0
19O	15	8		0
19O	15	9		0
19O	15	10		0
19O	15	11		0
19O	16	1		0
19O	16	2		0
19O	16	3		0
19O	16	4		0
19O	16	5		0
19O	16	6		0
19O	16	7		0
19O	16	8		0
19O	16	9		0
19O	16	10		0
19O	16	11		0
19O	16	12		0
19O	16	13		0
19O	16	14		0
19O	16	15		0
19O	17	1		0
19O	17	2		0
19O	17	3		0
19O	17	4		0
19O	17	5		0
19O	17	6		0
19O	17	7		0
19O	17	8		0
19O	17	9		0
19O	17	10		0
19O	17	11		0
19O	17	12		0
19O	17	13		0
19O	17	14		0
19O	17	15		0
19O	17	16		0
19O	17	17		0
19O	17	18		0
19O	17	19		0
19O	17	20		0
19O	17	21		0
19O	17	22		0
19O	17	23		0
19O	17	24		0
19O	17	25		0
19O	17	26		0
19O	17	27		0
19O	17	28		0
19O	17	29		0
19O	17	30		0
19O	17	31		0
19O	17	32		0
19O	17	33		0
19O	17	34		0
19O	17	35		0
19O	17	36		0
19O	17	37		0
19O	17	38		0
19O	17	39		0
19O	17	40		0
19O	17	41		0
19O	17	42		0
19O	17	43		0
19O	17	44		0
19O	17	45		0
19O	17	46		0
19O	17	47		0
19O	17	48		0
19O	17	49		0
19O	17	50		0
19O	17	51		0
19O	18	1		0
19O	18	2		0
19O	18	3		0
19O	18	4		0
19O	18	5		0
19O	18	6		0
19O	18	7		0
19O	18	8		0
19O	18	9		0
19O	18	10		0
19O	18	11		0
19O	18	12		0
19O	18	13		0
19O	18	14		0
19O	18	15		0
19O	19	1		0
19O	19	2		0
19O	19	3		0
19O	19	4		0
19O	19	5		0
19O	19	6		0
19O	19	7		0
19O	19	8		0
19O	19	9		0
19O	19	10		0
19O	20	1		0
19O	20	2		0
19O	20	3		0
19O	20	4		0
19O	20	5		0
19O	20	6		0
19O	20	7		0
19O	20	8		0
19O	20	9		0
19O	20	10		0
19O	20	11		0
19O	20	12		0
19O	20	13		0
19O	20	14		0
19O	21	1		0
19O	21	2		0
19O	21	3		0
19O	21	4		0
19O	21	5		0
19O	21	6		0
19O	21	7		0
19O	21	8		0
19O	21	9		0
19O	21	10		0
19O	21	11		0
19O	21	12		0
19O	21	13		0
19O	21	14		0
19O	21	15		0
19O	21	16		0
19O	21	17		0
19O	21	18		0
19O	21	19		0
19O	21	20		0
19O	21	21		0
19O	21	22		0
19O	21	23		0
19O	21	24		0
19O	21	25		0
19O	21	26		0
19O	21	27		0
19O	21	28		0
19O	21	29		0
19O	21	30		0
19O	21	31		0
19O	21	32		0
19O	22	1		0
19O	22	2		0
19O	22	3		0
19O	22	4		0
19O	22	5		0
19O	22	6		0
19O	23	1		0
19O	23	2		0
19O	23	3		0
19O	23	4		0
19O	23	5		0
19O	23	6		0
19O	23	7		0
19O	23	8		0
19O	23	9		0
19O	23	10		0
19O	24	1		0
19O	24	2		0
19O	24	3		0
19O	24	4		0
19O	24	5		0
19O	24	6		0
19O	24	7		0
19O	24	8		0
19O	24	9		0
19O	24	10		0
19O	24	11		0
19O	24	12		0
19O	24	13		0
19O	24	14		0
19O	24	15		0
19O	24	16		0
19O	24	17		0
19O	24	18		0
19O	24	19		0
19O	24	20		0
19O	24	21		0
19O	24	22		0
19O	25	1		0
19O	25	2		0
19O	25	3		0
19O	25	4		0
19O	25	5		0
19O	25	6		0
19O	25	7		0
19O	25	8		0
19O	25	9		0
19O	25	10		0
19O	25	11		0
19O	25	12		0
19O	26	1		0
19O	26	2		0
19O	26	3		0
19O	26	4		0
19O	26	5		0
19O	26	6		0
19O	26	7		0
19O	26	8		0
19O	26	9		0
19O	26	10		0
19O	26	11		0
19O	26	12		0
19O	26	13		0
19O	26	14		0
19O	27	1		0
19O	27	2		0
19O	27	3		0
19O	27	4		0
19O	27	5		0
19O	27	6		0
19O	27	7		0
19O	27	8		0
19O	27	9		0
19O	28	1		0
19O	28	2		0
19O	28	3		0
19O	28	4		0
19O	28	5		0
19O	28	6		0
19O	28	7		0
19O	28	8		0
19O	28	9		0
19O	28	10		0
19O	28	11		0
19O	29	1		0
19O	29	2		0
19O	29	3		0
19O	29	4		0
19O	29	5		0
19O	29	6		0
19O	29	7		0
19O	29	8		0
19O	29	9		0
19O	29	10		0
19O	29	11		0
19O	29	12		0
19O	29	13		0
19O	30	1		0
19O	30	2		0
19O	30	3		0
19O	30	4		0
19O	30	5		0
19O	30	6		0
19O	30	7		0
19O	30	8		0
19O	30	9		0
19O	30	10		0
19O	30	11		0
19O	30	12		0
19O	30	13		0
19O	30	14		0
19O	30	15		0
19O	30	16		0
19O	30	17		0
19O	30	18		0
19O	30	19		0
19O	30	20		0
19O	30	21		0
19O	30	22		0
19O	30	23		0
19O	30	24		0
19O	30	25		0
19O	31	1		0
19O	31	2		0
19O	31	3		0
19O	31	4		0
19O	31	5		0
19O	31	6		0
19O	31	7		0
19O	31	8		0
19O	31	9		0
19O	31	10		0
19O	31	11		0
19O	32	1		0
19O	32	2		0
19O	32	3		0
19O	32	4		0
19O	32	5		0
19O	32	6		0
19O	32	7		0
19O	32	8		0
19O	32	9		0
19O	32	10		0
19O	32	11		0
19O	32	12		0
19O	32	13		0
19O	32	14		0
19O	32	15		0
19O	32	16		0
19O	32	17		0
19O	32	18		0
19O	32	19		0
19O	32	20		0
19O	32	21		0
19O	32	22		0
19O	33	1		0
19O	33	2		0
19O	33	3		0
19O	33	4		0
19O	33	5		0
19O	33	6		0
19O	33	7		0
19O	33	8		0
19O	33	9		0
19O	33	10		0
19O	33	11		0
19O	33	12		0
19O	33	13		0
19O	33	14		0
19O	33	15		0
19O	33	16		0
19O	33	17		0
19O	33	18		0
19O	33	19		0
19O	33	20		0
19O	33	21		0
19O	33	22		0
19O	33	23		0
19O	34	1		0
19O	34	2		0
19O	34	3		0
19O	34	4		0
19O	34	5		0
19O	34	6		0
19O	34	7		0
19O	34	8		0
19O	34	9		0
19O	34	10		0
19O	34	11		0
19O	34	12		0
19O	34	13		0
19O	34	14		0
19O	34	15		0
19O	34	16		0
19O	34	17		0
19O	34	18		0
19O	34	19		0
19O	34	20		0
19O	34	21		0
19O	34	22		0
19O	34	23		0
19O	34	24		0
19O	34	25		0
19O	34	26		0
19O	34	27		0
19O	34	28		0
19O	35	1		0
19O	35	2		0
19O	35	3		0
19O	35	4		0
19O	35	5		0
19O	35	6		0
19O	35	7		0
19O	35	8		0
19O	35	9		0
19O	35	10		0
19O	35	11		0
19O	35	12		0
19O	35	13		0
19O	36	1		0
19O	36	2		0
19O	36	3		0
19O	36	4		0
19O	36	5		0
19O	36	6		0
19O	36	7		0
19O	36	8		0
19O	36	9		0
19O	36	10		0
19O	36	11		0
19O	36	12		0
19O	36	13		0
19O	36	14		0
19O	36	15		0
19O	36	16		0
19O	36	17		0
19O	36	18		0
19O	36	19		0
19O	36	20		0
19O	36	21		0
19O	36	22		0
19O	36	23		0
19O	36	24		0
19O	36	25		0
19O	36	26		0
19O	36	27		0
19O	36	28		0
19O	36	29		0
19O	36	30		0
19O	36	31		0
19O	36	32		0
19O	36	33		0
19O	36	34		0
19O	36	35		0
19O	36	36		0
19O	36	37		0
19O	36	38		0
19O	36	39		0
19O	36	40		0
19O	37	1		0
19O	37	2		0
19O	37	3		0
19O	37	4		0
19O	37	5		0
19O	37	6		0
19O	37	7		0
19O	37	8		0
19O	37	9		0
19O	37	10		0
19O	37	11		0
19O	37	12		0
19O	37	13		0
19O	37	14		0
19O	37	15		0
19O	37	16		0
19O	37	17		0
19O	37	18		0
19O	37	19		0
19O	37	20		0
19O	37	21		0
19O	37	22		0
19O	37	23		0
19O	38	1		0
19O	38	2		0
19O	38	3		0
19O	38	4		0
19O	38	5		0
19O	38	6		0
19O	38	7		0
19O	38	8		0
19O	38	9		0
19O	38	10		0
19O	38	11		0
19O	38	12		0
19O	38	13		0
19O	38	14		0
19O	39	1		0
19O	39	2		0
19O	39	3		0
19O	39	4		0
19O	39	5		0
19O	39	6		0
19O	39	7		0
19O	39	8		0
19O	39	9		0
19O	39	10		0
19O	39	11		0
19O	39	12		0
19O	39	13		0
19O	39	14		0
19O	39	15		0
19O	39	16		0
19O	39	17		0
19O	39	18		0
19O	40	1		0
19O	40	2		0
19O	40	3		0
19O	40	4		0
19O	40	5		0
19O	40	6		0
19O	40	7		0
19O	40	8		0
19O	40	9		0
19O	40	10		0
19O	40	11		0
19O	40	12		0
19O	40	13		0
19O	40	14		0
19O	41	1		0
19O	41	2		0
19O	41	3		0
19O	41	4		0
19O	41	5		0
19O	41	6		0
19O	41	7		0
19O	41	8		0
19O	41	9		0
19O	41	10		0
19O	41	11		0
19O	41	12		0
19O	42	1		0
19O	42	2		0
19O	42	3		0
19O	42	4		0
19O	42	5		0
19O	43	1		0
19O	43	2		0
19O	43	3		0
19O	43	4		0
19O	43	5		0
19O	43	6		0
19O	43	7		0
19O	43	8		0
19O	43	9		0
19O	43	10		0
19O	43	11		0
19O	43	12		0
19O	43	13		0
19O	43	14		0
19O	43	15		0
19O	43	16		0
19O	43	17		0
19O	43	18		0
19O	43	19		0
19O	43	20		0
19O	43	21		0
19O	43	22		0
19O	43	23		0
19O	43	24		0
19O	43	25		0
19O	43	26		0
19O	43	27		0
19O	44	1		0
19O	44	2		0
19O	44	3		0
19O	44	4		0
19O	44	5		0
19O	44	6		0
19O	44	7		0
19O	44	8		0
19O	44	9		0
19O	44	10		0
19O	44	11		0
19O	44	12		0
19O	44	13		0
19O	44	14		0
19O	44	15		0
19O	44	16		0
19O	44	17		0
19O	44	18		0
19O	45	1		0
19O	45	2		0
19O	45	3		0
19O	45	4		0
19O	45	5		0
19O	45	6		0
19O	45	7		0
19O	45	8		0
19O	45	9		0
19O	45	10		0
19O	45	11		0
19O	45	12		0
19O	46	1		0
19O	46	2		0
19O	46	3		0
19O	46	4		0
19O	46	5		0
19O	46	6		0
19O	46	7		0
19O	46	8		0
19O	46	9		0
19O	46	10		0
19O	47	1		0
19O	47	2		0
19O	47	3		0
19O	47	4		0
19O	47	5		0
19O	47	6		0
19O	47	7		0
19O	47	8		0
19O	47	9		0
19O	47	10		0
19O	47	11		0
19O	47	12		0
19O	47	13		0
19O	47	14		0
19O	47	15		0
19O	48	1		0
19O	48	2		0
19O	48	3		0
19O	48	4		0
19O	48	5		0
19O	48	6		0
19O	48	7		0
19O	48	8		0
19O	48	9		0
19O	48	10		0
19O	48	11		0
19O	48	12		0
19O	48	13		0
19O	48	14		0
19O	48	15		0
19O	48	16		0
19O	48	17		0
19O	48	18		0
19O	48	19		0
19O	48	20		0
19O	48	21		0
19O	49	1		0
19O	49	2		0
19O	49	3		0
19O	49	4		0
19O	49	5		0
19O	49	6		0
19O	49	7		0
19O	49	8		0
19O	49	9		0
19O	49	10		0
19O	49	11		0
19O	49	12		0
19O	49	13		0
19O	49	14		0
19O	49	15		0
19O	49	16		0
19O	49	17		0
19O	49	18		0
19O	49	19		0
19O	49	20		0
19O	49	21		0
19O	49	22		0
19O	49	23		0
19O	50	1		0
19O	50	2		0
19O	50	3		0
19O	50	4		0
19O	50	5		0
19O	50	6		0
19O	50	7		0
19O	50	8		0
19O	50	9		0
19O	50	10		0
19O	50	11		0
19O	50	12		0
19O	50	13		0
19O	50	14		0
19O	50	15		0
19O	50	16		0
19O	50	17		0
19O	50	18		0
19O	50	19		0
19O	50	20		0
19O	50	21		0
19O	51	1		0
19O	51	2		0
19O	51	3		0
19O	51	4		0
19O	51	5		0
19O	51	6		0
19O	51	7		0
19O	51	8		0
19O	51	9		0
19O	51	10		0
19O	51	11		0
19O	52	1		0
19O	52	2		0
19O	52	3		0
19O	52	4		0
19O	52	5		0
19O	52	6		0
19O	52	7		0
19O	53	3		0
19O	53	4		0
19O	53	1		0
19O	53	2		0
19O	53	5		0
19O	53	6		0
19O	53	7		0
19O	53	8		0
19O	53	9		0
19O	54	1		0
19O	54	2		0
19O	54	3		0
19O	54	4		0
19O	54	5		0
19O	54	6		0
19O	54	7		0
19O	54	8		0
19O	54	9		0
19O	54	10		0
19O	54	11		0
19O	54	12		0
19O	54	13		0
19O	54	14		0
19O	54	15		0
19O	54	16		0
19O	54	17		0
19O	54	18		0
19O	54	19		0
19O	54	20		0
19O	54	21		0
19O	54	22		0
19O	54	23		0
19O	54	24		0
19O	55	1		0
19O	55	2		0
19O	55	3		0
19O	55	4		0
19O	55	5		0
19O	55	6		0
19O	55	7		0
19O	55	8		0
19O	55	9		0
19O	55	10		0
19O	55	11		0
19O	55	12		0
19O	55	13		0
19O	55	14		0
19O	56	1		0
19O	56	2		0
19O	56	3		0
19O	56	4		0
19O	56	5		0
19O	56	6		0
19O	56	7		0
19O	56	8		0
19O	56	9		0
19O	56	10		0
19O	56	11		0
19O	56	12		0
19O	57	1		0
19O	57	2		0
19O	57	3		0
19O	57	4		0
19O	57	5		0
19O	57	6		0
19O	57	7		0
19O	57	8		0
19O	57	9		0
19O	57	10		0
19O	57	11		0
19O	57	12		0
19O	58	1		0
19O	58	2		0
19O	58	3		0
19O	58	4		0
19O	58	5		0
19O	58	6		0
19O	58	7		0
19O	58	8		0
19O	58	9		0
19O	58	10		0
19O	58	11		0
19O	58	12		0
19O	58	13		0
19O	58	14		0
19O	58	15		0
19O	58	16		0
19O	58	17		0
19O	58	18		0
19O	59	1		0
19O	59	2		0
19O	59	3		0
19O	59	4		0
19O	59	5		0
19O	59	6		0
19O	59	7		0
19O	59	8		0
19O	59	9		0
19O	59	10		0
19O	59	11		0
19O	59	12		0
19O	59	13		0
19O	59	14		0
19O	60	1		0
19O	60	2		0
19O	60	3		0
19O	60	4		0
19O	60	5		0
19O	60	6		0
19O	60	7		0
19O	60	8		0
19O	60	9		0
19O	61	1		0
19O	61	2		0
19O	61	3		0
19O	61	4		0
19O	61	5		0
19O	61	6		0
19O	61	7		0
19O	61	8		0
19O	61	9		0
19O	61	10		0
19O	61	11		0
19O	61	12		0
19O	61	13		0
19O	62	1		0
19O	62	2		0
19O	62	3		0
19O	62	4		0
19O	62	5		0
19O	62	6		0
19O	62	7		0
19O	62	8		0
19O	62	9		0
19O	62	10		0
19O	62	11		0
19O	62	12		0
19O	63	1		0
19O	63	2		0
19O	63	3		0
19O	63	4		0
19O	63	5		0
19O	63	6		0
19O	63	7		0
19O	63	8		0
19O	63	9		0
19O	63	10		0
19O	63	11		0
19O	64	1		0
19O	64	2		0
19O	64	3		0
19O	64	4		0
19O	64	5		0
19O	64	6		0
19O	64	7		0
19O	64	8		0
19O	64	9		0
19O	64	10		0
19O	64	11		0
19O	64	12		0
19O	64	13		0
19O	64	14		0
19O	65	1		0
19O	65	2		0
19O	65	3		0
19O	65	4		0
19O	65	5		0
19O	65	6		0
19O	65	7		0
19O	65	8		0
19O	65	9		0
19O	65	10		0
19O	65	11		0
19O	65	12		0
19O	65	13		0
19O	65	14		0
19O	65	15		0
19O	65	16		0
19O	65	17		0
19O	65	18		0
19O	65	19		0
19O	65	20		0
19O	66	1		0
19O	66	2		0
19O	66	3		0
19O	66	4		0
19O	66	5		0
19O	66	6		0
19O	66	7		0
19O	66	8		0
19O	67	1		0
19O	67	2		0
19O	67	3		0
19O	67	4		0
19O	67	5		0
19O	67	6		0
19O	67	7		0
19O	67	8		0
19O	67	9		0
19O	67	10		0
19O	67	11		0
19O	67	12		0
19O	67	13		0
19O	67	14		0
19O	67	15		0
19O	67	16		0
19O	67	17		0
19O	67	18		0
19O	67	19		0
19O	67	20		0
19O	67	21		0
19O	67	22		0
19O	67	23		0
19O	67	24		0
19O	67	25		0
19O	67	26		0
19O	67	27		0
19O	67	28		0
19O	67	29		0
19O	67	30		0
19O	67	31		0
19O	67	32		0
19O	67	33		0
19O	67	34		0
19O	67	35		0
19O	67	36		0
19O	68	1		0
19O	68	2		0
19O	68	3		0
19O	68	4		0
19O	68	5		0
19O	68	6		0
19O	68	7		0
19O	68	8		0
19O	68	9		0
19O	68	10		0
19O	68	11		0
19O	68	12		0
19O	68	13		0
19O	68	14		0
19O	68	15		0
19O	68	16		0
19O	68	17		0
19O	68	18		0
19O	68	19		0
19O	68	20		0
19O	68	21		0
19O	68	22		0
19O	68	23		0
19O	68	24		0
19O	68	25		0
19O	68	26		0
19O	68	27		0
19O	68	28		0
19O	68	29		0
19O	68	30		0
19O	68	31		0
19O	68	32		0
19O	68	33		0
19O	68	34		0
19O	68	35		0
19O	68	36		0
19O	68	37		0
19O	69	1		0
19O	69	2		0
19O	69	3		0
19O	69	4		0
19O	69	5		0
19O	69	6		0
19O	70	1		0
19O	70	2		0
19O	70	3		0
19O	70	4		0
19O	70	5		0
19O	70	6		0
19O	70	7		0
19O	70	8		0
19O	70	9		0
19O	70	10		0
19O	70	11		0
19O	70	12		0
19O	70	13		0
19O	70	14		0
19O	70	15		0
19O	70	16		0
19O	70	17		0
19O	70	18		0
19O	70	19		0
19O	70	20		0
19O	70	21		0
19O	70	22		0
19O	70	23		0
19O	70	24		0
19O	71	1		0
19O	71	2		0
19O	71	3		0
19O	71	4		0
19O	71	5		0
19O	71	6		0
19O	71	7		0
19O	71	8		0
19O	71	9		0
19O	71	10		0
19O	71	11		0
19O	71	12		0
19O	71	13		0
19O	71	14		0
19O	71	15		0
19O	71	16		0
19O	71	17		0
19O	71	18		0
19O	71	19		0
19O	71	20		0
19O	72	1		0
19O	72	2		0
19O	72	3		0
19O	72	4		0
19O	72	5		0
19O	72	6		0
19O	72	7		0
19O	72	8		0
19O	72	9		0
19O	72	10		0
19O	72	11		0
19O	72	12		0
19O	72	13		0
19O	72	14		0
19O	72	15		0
19O	72	16		0
19O	72	17		0
19O	72	18		0
19O	72	19		0
19O	72	20		0
19O	72	21		0
19O	72	22		0
19O	72	23		0
19O	72	24		0
19O	72	25		0
19O	72	26		0
19O	72	27		0
19O	72	28		0
19O	73	1		0
19O	73	2		0
19O	73	3		0
19O	73	4		0
19O	73	5		0
19O	73	6		0
19O	73	7		0
19O	73	8		0
19O	73	9		0
19O	73	10		0
19O	73	11		0
19O	73	12		0
19O	73	13		0
19O	73	14		0
19O	73	15		0
19O	73	16		0
19O	73	17		0
19O	73	18		0
19O	73	19		0
19O	73	20		0
19O	73	21		0
19O	73	22		0
19O	73	23		0
19O	74	1		0
19O	74	2		0
19O	74	3		0
19O	74	4		0
19O	74	5		0
19O	74	6		0
19O	74	7		0
19O	74	8		0
19O	74	9		0
19O	74	10		0
19O	74	11		0
19O	75	1		0
19O	75	2		0
19O	75	3		0
19O	75	4		0
19O	75	5		0
19O	75	6		0
19O	75	7		0
19O	75	8		0
19O	75	9		0
19O	75	10		0
19O	75	11		0
19O	75	12		0
19O	75	13		0
19O	76	1		0
19O	76	2		0
19O	76	3		0
19O	76	4		0
19O	76	5		0
19O	76	6		0
19O	76	7		0
19O	76	8		0
19O	76	9		0
19O	76	10		0
19O	76	11		0
19O	76	12		0
19O	76	13		0
19O	76	14		0
19O	76	15		0
19O	76	16		0
19O	76	17		0
19O	76	18		0
19O	76	19		0
19O	76	20		0
19O	76	21		0
19O	77	1		0
19O	77	2		0
19O	77	3		0
19O	77	4		0
19O	77	5		0
19O	77	6		0
19O	77	7		0
19O	77	8		0
19O	77	9		0
19O	77	10		0
19O	77	11		0
19O	77	12		0
19O	77	13		0
19O	77	14		0
19O	77	15		0
19O	77	16		0
19O	77	17		0
19O	77	18		0
19O	77	19		0
19O	77	20		0
19O	77	21		0
19O	77	22		0
19O	77	23		0
19O	77	24		0
19O	77	25		0
19O	77	26		0
19O	77	27		0
19O	77	28		0
19O	77	29		0
19O	77	30		0
19O	77	31		0
19O	77	32		0
19O	77	33		0
19O	77	34		0
19O	77	35		0
19O	77	36		0
19O	77	37		0
19O	77	38		0
19O	77	39		0
19O	77	40		0
19O	77	41		0
19O	77	42		0
19O	77	43		0
19O	77	44		0
19O	77	45		0
19O	77	46		0
19O	77	47		0
19O	77	48		0
19O	77	49		0
19O	77	50		0
19O	77	51		0
19O	77	52		0
19O	77	53		0
19O	77	54		0
19O	77	55		0
19O	77	56		0
19O	77	57		0
19O	77	58		0
19O	77	59		0
19O	77	60		0
19O	77	61		0
19O	77	62		0
19O	77	63		0
19O	77	64		0
19O	77	65		0
19O	77	66		0
19O	77	67		0
19O	77	68		0
19O	77	69		0
19O	77	70		0
19O	77	71		0
19O	77	72		0
19O	78	1		0
19O	78	2		0
19O	78	3		0
19O	78	4		0
19O	78	5		0
19O	78	6		0
19O	78	7		0
19O	78	8		0
19O	78	9		0
19O	78	10		0
19O	78	11		0
19O	78	12		0
19O	78	13		0
19O	79	1		0
19O	79	2		0
19O	79	3		0
19O	79	4		0
19O	79	5		0
19O	79	6		0
19O	79	7		0
19O	79	8		0
19O	79	9		0
19O	79	10		0
19O	79	11		0
19O	79	12		0
19O	79	13		0
19O	79	14		0
19O	79	15		0
19O	79	16		0
19O	79	17		0
19O	79	18		0
19O	79	19		0
19O	79	20		0
19O	80	1		0
19O	80	2		0
19O	80	3		0
19O	80	4		0
19O	80	5		0
19O	80	6		0
19O	80	7		0
19O	80	8		0
19O	80	9		0
19O	80	10		0
19O	80	11		0
19O	80	12		0
19O	80	13		0
19O	80	14		0
19O	80	15		0
19O	80	16		0
19O	80	17		0
19O	81	1		0
19O	81	2		0
19O	81	3		0
19O	81	4		0
19O	81	5		0
19O	81	6		0
19O	81	7		0
19O	81	8		0
19O	82	1		0
19O	82	2		0
19O	82	3		0
19O	82	4		0
19O	82	5		0
19O	82	6		0
19O	82	7		0
19O	82	8		0
19O	82	9		0
19O	82	10		0
19O	82	11		0
19O	82	12		0
19O	82	13		0
19O	82	14		0
19O	82	15		0
19O	82	16		0
19O	82	17		0
19O	82	18		0
19O	82	19		0
19O	83	1		0
19O	83	2		0
19O	83	3		0
19O	83	4		0
19O	83	5		0
19O	83	6		0
19O	83	7		0
19O	83	8		0
19O	83	9		0
19O	83	10		0
19O	83	11		0
19O	83	12		0
19O	83	13		0
19O	84	1		0
19O	84	2		0
19O	84	3		0
19O	84	4		0
19O	84	5		0
19O	84	6		0
19O	84	7		0
19O	84	8		0
19O	84	9		0
19O	84	10		0
19O	84	11		0
19O	84	12		0
19O	84	13		0
19O	84	14		0
19O	85	1		0
19O	85	2		0
19O	85	3		0
19O	85	4		0
19O	85	5		0
19O	85	6		0
19O	85	7		0
19O	85	8		0
19O	85	9		0
19O	85	10		0
19O	85	11		0
19O	85	12		0
19O	85	13		0
19O	85	14		0
19O	85	15		0
19O	85	16		0
19O	85	17		0
19O	86	1		0
19O	86	2		0
19O	86	3		0
19O	86	4		0
19O	86	5		0
19O	86	6		0
19O	86	7		0
19O	87	1		0
19O	87	2		0
19O	87	3		0
19O	87	4		0
19O	87	5		0
19O	87	6		0
19O	87	7		0
19O	87	8		0
19O	87	9		0
19O	87	10		0
19O	87	11		0
19O	87	12		0
19O	87	13		0
19O	87	14		0
19O	87	15		0
19O	87	16		0
19O	87	17		0
19O	87	18		0
19O	87	19		0
19O	88	1		0
19O	88	2		0
19O	88	3		0
19O	88	4		0
19O	88	5		0
19O	88	6		0
19O	88	7		0
19O	88	8		0
19O	88	9		0
19O	88	10		0
19O	88	11		0
19O	88	12		0
19O	88	13		0
19O	88	14		0
19O	88	15		0
19O	88	16		0
19O	88	17		0
19O	88	18		0
19O	88	19		0
19O	88	20		0
19O	88	21		0
19O	88	22		0
19O	88	23		0
19O	88	24		0
19O	88	25		0
19O	88	26		0
19O	88	27		0
19O	88	28		0
19O	88	29		0
19O	88	30		0
19O	88	31		0
19O	88	32		0
19O	88	33		0
19O	88	34		0
19O	88	35		0
19O	88	36		0
19O	88	37		0
19O	88	38		0
19O	88	39		0
19O	88	40		0
19O	88	41		0
19O	88	42		0
19O	88	43		0
19O	88	44		0
19O	88	45		0
19O	88	46		0
19O	88	47		0
19O	88	48		0
19O	88	49		0
19O	88	50		0
19O	88	51		0
19O	88	52		0
19O	88	53		0
19O	89	1		0
19O	89	2		0
19O	89	3		0
19O	89	4		0
19O	89	5		0
19O	89	6		0
19O	89	7		0
19O	89	8		0
19O	89	9		0
19O	89	10		0
19O	89	11		0
19O	89	12		0
19O	89	13		0
19O	89	14		0
19O	89	15		0
19O	89	16		0
19O	89	17		0
19O	90	1		0
19O	90	2		0
19O	90	3		0
19O	90	4		0
19O	90	5		0
19O	90	6		0
19O	90	7		0
19O	90	8		0
19O	90	9		0
19O	90	10		0
19O	90	11		0
19O	90	12		0
19O	90	13		0
19O	90	14		0
19O	90	15		0
19O	90	16		0
19O	91	1		0
19O	91	2		0
19O	91	3		0
19O	91	4		0
19O	91	5		0
19O	91	6		0
19O	91	7		0
19O	91	8		0
19O	91	9		0
19O	91	10		0
19O	91	11		0
19O	91	12		0
19O	91	13		0
19O	91	14		0
19O	91	15		0
19O	91	16		0
19O	92	1		0
19O	92	2		0
19O	92	3		0
19O	92	4		0
19O	92	5		0
19O	93	1		0
19O	93	2		0
19O	93	3		0
19O	93	4		0
19O	93	5		0
19O	93	6		0
19O	93	7		0
19O	93	8		0
19O	93	9		0
19O	93	10		0
19O	93	11		0
19O	93	12		0
19O	93	13		0
19O	93	14		0
19O	93	15		0
19O	93	16		0
19O	93	17		0
19O	93	18		0
19O	93	19		0
19O	93	20		0
19O	93	21		0
19O	93	22		0
19O	93	23		0
19O	94	1		0
19O	94	2		0
19O	94	3		0
19O	94	4		0
19O	94	5		0
19O	94	6		0
19O	94	7		0
19O	94	8		0
19O	94	9		0
19O	94	10		0
19O	94	11		0
19O	95	1		0
19O	95	2		0
19O	95	3		0
19O	95	4		0
19O	95	5		0
19O	95	6		0
19O	95	7		0
19O	95	8		0
19O	95	9		0
19O	95	10		0
19O	95	11		0
19O	95	12		0
19O	95	13		0
19O	96	1		0
19O	96	2		0
19O	96	3		0
19O	96	4		0
19O	96	5		0
19O	96	6		0
19O	96	7		0
19O	96	8		0
19O	96	9		0
19O	96	10		0
19O	96	11		0
19O	96	12		0
19O	97	1		0
19O	97	2		0
19O	97	3		0
19O	97	4		0
19O	97	5		0
19O	97	6		0
19O	97	7		0
19O	97	8		0
19O	97	9		0
19O	98	1		0
19O	98	2		0
19O	98	3		0
19O	98	4		0
19O	98	5		0
19O	98	6		0
19O	98	7		0
19O	98	8		0
19O	98	9		0
19O	99	1		0
19O	99	2		0
19O	99	3		0
19O	99	4		0
19O	99	5		0
19O	100	1		0
19O	100	2		0
19O	100	3		0
19O	100	4		0
19O	100	5		0
19O	100	6		0
19O	100	7		0
19O	100	8		0
19O	101	1		0
19O	101	2		0
19O	101	3		0
19O	101	4		0
19O	101	5		0
19O	101	6		0
19O	101	7		0
19O	101	8		0
19O	101	9		0
19O	101	10		0
19O	101	11		0
19O	101	12		0
19O	101	13		0
19O	101	14		0
19O	101	15		0
19O	101	16		0
19O	101	17		0
19O	101	18		0
19O	101	19		0
19O	101	20		0
19O	101	21		0
19O	101	22		0
19O	101	23		0
19O	101	24		0
19O	101	25		0
19O	101	26		0
19O	101	27		0
19O	101	28		0
19O	101	29		0
19O	102	1		0
19O	102	2		0
19O	102	3		0
19O	102	4		0
19O	102	5		0
19O	102	6		0
19O	102	7		0
19O	102	8		0
19O	102	9		0
19O	102	10		0
19O	102	11		0
19O	102	12		0
19O	102	13		0
19O	102	14		0
19O	102	15		0
19O	102	16		0
19O	102	17		0
19O	102	18		0
19O	102	19		0
19O	102	20		0
19O	102	21		0
19O	102	22		0
19O	103	1		0
19O	103	2		0
19O	103	3		0
19O	103	4		0
19O	103	5		0
19O	103	6		0
19O	103	7		0
19O	103	8		0
19O	103	9		0
19O	103	10		0
19O	103	11		0
19O	103	12		0
19O	103	13		0
19O	103	14		0
19O	103	15		0
19O	103	16		0
19O	103	17		0
19O	103	18		0
19O	103	19		0
19O	103	20		0
19O	103	21		0
19O	103	22		0
19O	103	23		0
19O	103	24		0
19O	103	25		0
19O	103	26		0
19O	103	27		0
19O	103	28		0
19O	103	29		0
19O	103	30		0
19O	103	31		0
19O	103	32		0
19O	103	33		0
19O	103	34		0
19O	103	35		0
19O	104	1		0
19O	104	2		0
19O	104	3		0
19O	104	4		0
19O	104	5		0
19O	104	6		0
19O	104	7		0
19O	104	8		0
19O	104	9		0
19O	104	10		0
19O	104	11		0
19O	104	12		0
19O	104	13		0
19O	104	14		0
19O	104	15		0
19O	104	16		0
19O	104	17		0
19O	104	18		0
19O	104	19		0
19O	104	20		0
19O	104	21		0
19O	104	22		0
19O	104	23		0
19O	104	24		0
19O	104	25		0
19O	104	26		0
19O	104	27		0
19O	104	28		0
19O	104	29		0
19O	104	30		0
19O	104	31		0
19O	104	32		0
19O	104	33		0
19O	104	34		0
19O	104	35		0
19O	104	36		0
19O	104	37		0
19O	104	38		0
19O	104	39		0
19O	104	40		0
19O	104	41		0
19O	104	42		0
19O	104	43		0
19O	104	44		0
19O	104	45		0
19O	105	1		0
19O	105	2		0
19O	105	3		0
19O	105	4		0
19O	105	5		0
19O	105	6		0
19O	105	7		0
19O	105	8		0
19O	105	9		0
19O	105	10		0
19O	105	11		0
19O	105	12		0
19O	105	13		0
19O	105	14		0
19O	105	15		0
19O	105	16		0
19O	105	17		0
19O	105	18		0
19O	105	19		0
19O	105	20		0
19O	105	21		0
19O	105	22		0
19O	105	23		0
19O	105	24		0
19O	105	25		0
19O	105	26		0
19O	105	27		0
19O	105	28		0
19O	105	29		0
19O	105	30		0
19O	105	31		0
19O	105	32		0
19O	105	33		0
19O	105	34		0
19O	105	35		0
19O	105	36		0
19O	105	37		0
19O	105	38		0
19O	105	39		0
19O	105	40		0
19O	105	41		0
19O	105	42		0
19O	105	43		0
19O	105	44		0
19O	105	45		0
19O	105	46		0
19O	105	47		0
19O	105	48		0
19O	106	1		0
19O	106	2		0
19O	106	3		0
19O	106	4		0
19O	106	5		0
19O	106	6		0
19O	106	7		0
19O	106	8		0
19O	106	9		0
19O	106	10		0
19O	106	11		0
19O	106	12		0
19O	106	13		0
19O	106	14		0
19O	106	15		0
19O	106	16		0
19O	106	17		0
19O	106	18		0
19O	106	19		0
19O	106	20		0
19O	106	21		0
19O	106	22		0
19O	106	23		0
19O	106	24		0
19O	106	25		0
19O	106	26		0
19O	106	27		0
19O	106	28		0
19O	106	29		0
19O	106	30		0
19O	106	31		0
19O	106	32		0
19O	106	33		0
19O	106	34		0
19O	106	35		0
19O	106	36		0
19O	106	37		0
19O	106	38		0
19O	106	39		0
19O	106	40		0
19O	106	41		0
19O	106	42		0
19O	106	43		0
19O	107	1		0
19O	107	2		0
19O	107	3		0
19O	107	4		0
19O	107	5		0
19O	107	6		0
19O	107	7		0
19O	107	8		0
19O	107	9		0
19O	107	10		0
19O	107	11		0
19O	107	12		0
19O	107	13		0
19O	107	14		0
19O	108	1		0
19O	108	2		0
19O	108	3		0
19O	108	4		0
19O	108	5		0
19O	108	6		0
19O	108	7		0
19O	108	8		0
19O	108	9		0
19O	108	10		0
19O	108	11		0
19O	108	12		0
19O	108	13		0
19O	108	14		0
19O	108	15		0
19O	108	16		0
19O	108	17		0
19O	108	18		0
19O	108	19		0
19O	108	20		0
19O	108	21		0
19O	108	22		0
19O	108	23		0
19O	108	24		0
19O	108	25		0
19O	108	26		0
19O	108	27		0
19O	108	28		0
19O	108	29		0
19O	108	30		0
19O	108	31		0
19O	109	1		0
19O	109	2		0
19O	109	3		0
19O	109	4		0
19O	109	5		0
19O	109	6		0
19O	109	7		0
19O	110	1		0
19O	110	2		0
19O	110	3		0
19O	110	4		0
19O	110	5		0
19O	110	6		0
19O	110	7		0
19O	110	8		0
19O	110	9		0
19O	110	10		0
19O	111	1		0
19O	111	2		0
19O	111	3		0
19O	111	4		0
19O	111	5		0
19O	111	6		0
19O	111	7		0
19O	111	8		0
19O	111	9		0
19O	111	10		0
19O	112	1		0
19O	112	2		0
19O	112	3		0
19O	112	4		0
19O	112	5		0
19O	112	6		0
19O	112	7		0
19O	112	8		0
19O	112	9		0
19O	113	1		0
19O	113	1		0
19O	113	2		0
19O	113	3		0
19O	113	4		0
19O	113	5		0
19O	113	6		0
19O	113	7		0
19O	113	8		0
19O	113	9		0
19O	113	10		0
19O	113	11		0
19O	113	12		0
19O	113	13		0
19O	113	14		0
19O	113	15		0
19O	113	16		0
19O	113	17		0
19O	113	18		0
19O	113	19		0
19O	113	20		0
19O	113	21		0
19O	113	22		0
19O	113	23		0
19O	113	24		0
19O	113	25		0
19O	113	26		0
19O	114	1		0
19O	114	1		0
19O	114	2		0
19O	114	3		0
19O	114	4		0
19O	114	5		0
19O	114	6		0
19O	114	7		0
19O	114	8		0
19O	114	9		0
19O	115	1		0
19O	115	2		0
19O	115	3		0
19O	115	4		0
19O	116			1
19O	115	6		0
19O	115	7		0
19O	115	8		0
19O	115	9		0
19O	115	10		0
19O	116	1		0
19O	116	1		0
19O	116	2		0
19O	117	1		0
19O	117	1		0
19O	117	2		0
19O	117	3		0
19O	117	4		0
19O	117	5		0
19O	117	6		0
19O	117	7		0
19O	117	8		0
19O	117	9		0
19O	117	10		0
19O	117	11		0
19O	117	12		0
19O	117	13		0
19O	117	14		0
19O	117	15		0
19O	117	16		0
19O	117	17		0
19O	117	18		0
19O	117	19		0
19O	117	20		0
19O	117	21		0
19O	117	22		0
19O	117	23		0
19O	117	24		0
19O	117	25		0
19O	117	26		0
19O	117	27		0
19O	117	28		0
19O	117	29		0
19O	118	1		0
19O	118	2		0
19O	118	3		0
19O	118	4		0
19O	118	5		0
19O	118	6		0
19O	118	7		0
19O	118	8		0
19O	118	9		0
19O	118	10		0
19O	118	11		0
19O	118	12		0
19O	118	13		0
19O	118	14		0
19O	118	15		0
19O	118	16		0
19O	118	17		0
19O	118	18		0
19O	118	19		0
19O	118	20		0
19O	118	21		0
19O	118	22		0
19O	118	23		0
19O	118	24		0
19O	118	25		0
19O	118	26		0
19O	118	27		0
19O	118	28		0
19O	118	29		0
19O	118	30		0
19O	118	31		0
19O	118	32		0
19O	118	33		0
19O	118	34		0
19O	118	35		0
19O	118	36		0
19O	118	37		0
19O	118	38		0
19O	118	39		0
19O	118	40		0
19O	118	41		0
19O	118	42		0
19O	118	43		0
19O	118	44		0
19O	118	45		0
19O	118	46		0
19O	118	47		0
19O	118	48		0
19O	118	49		0
19O	118	50		0
19O	118	51		0
19O	118	52		0
19O	118	53		0
19O	118	54		0
19O	118	55		0
19O	118	56		0
19O	118	57		0
19O	118	58		0
19O	118	59		0
19O	118	60		0
19O	118	61		0
19O	118	62		0
19O	118	63		0
19O	118	64		0
19O	118	65		0
19O	118	66		0
19O	118	67		0
19O	118	68		0
19O	118	69		0
19O	118	70		0
19O	118	71		0
19O	118	72		0
19O	118	73		0
19O	118	74		0
19O	118	75		0
19O	118	76		0
19O	118	77		0
19O	118	78		0
19O	118	79		0
19O	118	80		0
19O	118	81		0
19O	118	82		0
19O	118	83		0
19O	118	84		0
19O	118	85		0
19O	118	86		0
19O	118	87		0
19O	118	88		0
19O	118	89		0
19O	118	90		0
19O	118	91		0
19O	118	92		0
19O	118	93		0
19O	118	94		0
19O	118	95		0
19O	118	96		0
19O	118	97		0
19O	118	98		0
19O	118	99		0
19O	118	100		0
19O	118	101		0
19O	118	102		0
19O	118	103		0
19O	118	104		0
19O	118	105		0
19O	118	106		0
19O	118	107		0
19O	118	108		0
19O	118	109		0
19O	118	110		0
19O	118	111		0
19O	118	112		0
19O	118	113		0
19O	118	114		0
19O	118	115		0
19O	118	116		0
19O	118	117		0
19O	118	118		0
19O	118	119		0
19O	118	120		0
19O	118	121		0
19O	118	122		0
19O	118	123		0
19O	118	124		0
19O	118	125		0
19O	118	126		0
19O	118	127		0
19O	118	128		0
19O	118	129		0
19O	118	130		0
19O	118	131		0
19O	118	132		0
19O	118	133		0
19O	118	134		0
19O	118	135		0
19O	118	136		0
19O	118	137		0
19O	118	138		0
19O	118	139		0
19O	118	140		0
19O	118	141		0
19O	118	142		0
19O	118	143		0
19O	118	144		0
19O	118	145		0
19O	118	146		0
19O	118	147		0
19O	118	148		0
19O	118	149		0
19O	118	150		0
19O	118	151		0
19O	118	152		0
19O	118	153		0
19O	118	154		0
19O	118	155		0
19O	118	156		0
19O	118	157		0
19O	118	158		0
19O	118	159		0
19O	118	160		0
19O	118	161		0
19O	118	162		0
19O	118	163		0
19O	118	164		0
19O	118	165		0
19O	118	166		0
19O	118	167		0
19O	118	168		0
19O	118	169		0
19O	118	170		0
19O	118	171		0
19O	118	172		0
19O	118	173		0
19O	118	174		0
19O	118	175		0
19O	118	176		0
19O	119	1		0
19O	119	2		0
19O	119	3		0
19O	119	4		0
19O	119	5		0
19O	119	6		0
19O	119	7		0
19O	120	1		0
19O	120	2		0
19O	120	3		0
19O	120	4		0
19O	120	5		0
19O	120	6		0
19O	120	7		0
19O	120	8		0
19O	121	1		0
19O	121	2		0
19O	121	3		0
19O	121	4		0
19O	121	5		0
19O	121	6		0
19O	121	7		0
19O	121	8		0
19O	121	9		0
19O	122	1		0
19O	122	2		0
19O	122	3		0
19O	122	4		0
19O	123	1		0
19O	123	2		0
19O	123	3		0
19O	123	4		0
19O	123	5		0
19O	123	6		0
19O	123	7		0
19O	123	8		0
19O	124	1		0
19O	124	2		0
19O	124	3		0
19O	124	4		0
19O	124	5		0
19O	125	1		0
19O	125	2		0
19O	125	3		0
19O	125	4		0
19O	125	5		0
19O	125	6		0
19O	126	1		0
19O	126	2		0
19O	126	3		0
19O	126	4		0
19O	126	5		0
19O	127	1		0
19O	127	2		0
19O	127	3		0
19O	127	4		0
19O	127	5		0
19O	127	6		0
19O	128	1		0
19O	128	2		0
19O	128	3		0
19O	128	4		0
19O	128	5		0
19O	128	6		0
19O	128	7		0
19O	128	8		0
19O	129	1		0
19O	129	2		0
19O	129	3		0
19O	129	4		0
19O	129	5		0
19O	129	6		0
19O	129	7		0
19O	129	8		0
19O	130	1		0
19O	130	2		0
19O	130	3		0
19O	131	1		0
19O	131	2		0
19O	131	3		0
19O	131	4		0
19O	131	5		0
19O	131	6		0
19O	131	7		0
19O	131	8		0
19O	131	9		0
19O	131	10		0
19O	131	11		0
19O	131	12		0
19O	131	13		0
19O	131	14		0
19O	131	15		0
19O	131	16		0
19O	131	17		0
19O	131	18		0
19O	132	1		0
19O	132	2		0
19O	132	3		0
19O	133	1		0
19O	133	2		0
19O	133	3		0
19O	134	1		0
19O	134	2		0
19O	134	3		0
19O	134	4		0
19O	134	5		0
19O	134	6		0
19O	134	7		0
19O	134	8		0
19O	134	9		0
19O	134	10		0
19O	134	11		0
19O	134	12		0
19O	134	13		0
19O	134	14		0
19O	134	15		0
19O	134	16		0
19O	134	17		0
19O	134	18		0
19O	134	19		0
19O	134	20		0
19O	134	21		0
19O	135	1		0
19O	135	2		0
19O	135	3		0
19O	135	4		0
19O	135	5		0
19O	135	6		0
19O	135	7		0
19O	135	8		0
19O	135	9		0
19O	135	10		0
19O	135	11		0
19O	135	12		0
19O	135	13		0
19O	135	14		0
19O	135	15		0
19O	135	16		0
19O	135	17		0
19O	135	18		0
19O	135	19		0
19O	135	20		0
19O	135	21		0
19O	135	22		0
19O	135	23		0
19O	135	24		0
19O	135	25		0
19O	135	26		0
19O	136	1		0
19O	136	2		0
19O	136	3		0
19O	136	4		0
19O	136	5		0
19O	136	6		0
19O	136	7		0
19O	136	8		0
19O	136	9		0
19O	137	1		0
19O	137	2		0
19O	137	3		0
19O	137	4		0
19O	137	5		0
19O	137	6		0
19O	137	7		0
19O	137	8		0
19O	138	1		0
19O	138	2		0
19O	138	3		0
19O	138	4		0
19O	138	5		0
19O	138	6		0
19O	138	7		0
19O	138	8		0
19O	138	9		0
19O	138	10		0
19O	138	11		0
19O	138	12		0
19O	138	13		0
19O	138	14		0
19O	138	15		0
19O	138	16		0
19O	138	17		0
19O	138	18		0
19O	138	19		0
19O	138	20		0
19O	138	21		0
19O	138	22		0
19O	138	23		0
19O	138	24		0
19O	139	1		0
19O	139	2		0
19O	139	3		0
19O	139	4		0
19O	139	5		0
19O	139	6		0
19O	139	7		0
19O	139	8		0
19O	139	9		0
19O	139	10		0
19O	139	11		0
19O	139	12		0
19O	139	13		0
19O	139	14		0
19O	140	1		0
19O	140	2		0
19O	140	3		0
19O	140	4		0
19O	140	5		0
19O	140	6		0
19O	140	7		0
19O	140	8		0
19O	140	9		0
19O	140	10		0
19O	141	1		0
19O	141	2		0
19O	141	3		0
19O	141	4		0
19O	141	5		0
19O	141	6		0
19O	141	7		0
19O	141	8		0
19O	142	1		0
19O	142	2		0
19O	142	3		0
19O	142	4		0
19O	142	5		0
19O	142	6		0
19O	142	7		0
19O	142	8		0
19O	142	9		0
19O	142	10		0
19O	142	11		0
19O	142	12		0
19O	143	1		0
19O	143	2		0
19O	143	3		0
19O	143	4		0
19O	143	5		0
19O	143	6		0
19O	143	7		0
19O	143	8		0
19O	143	9		0
19O	143	10		0
19O	143	11		0
19O	143	12		0
19O	143	13		0
19O	143	14		0
19O	143	15		0
19O	144	1		0
19O	144	2		0
19O	144	3		0
19O	144	4		0
19O	144	5		0
19O	144	6		0
19O	144	7		0
19O	144	8		0
19O	144	9		0
19O	144	10		0
19O	144	11		0
19O	144	12		0
19O	144	13		0
19O	144	13	a	0
19O	144	14		0
19O	144	15		0
19O	144	16		0
19O	144	17		0
19O	144	18		0
19O	144	19		0
19O	144	20		0
19O	144	21		0
19O	145	1		0
19O	145	2		0
19O	145	3		0
19O	145	4		0
19O	145	5		0
19O	145	6		0
19O	145	7		0
19O	145	8		0
19O	145	9		0
19O	145	10		0
19O	146	1		0
19O	146	2		0
19O	146	3		0
19O	146	4		0
19O	146	5		0
19O	146	6		0
19O	146	7		0
19O	146	8		0
19O	146	9		0
19O	146	10		0
19O	146	11		0
19O	147	1		0
19O	147	2		0
19O	147	3		0
19O	147	4		0
19O	147	5		0
19O	147	6		0
19O	147	7		0
19O	147	8		0
19O	147	9		0
20O	1	10		0
20O	1	10		0
20O	1	11		0
20O	1	18		0
20O	1	18		0
20O	1	19		0
20O	1	26		0
20O	1	27		0
20O	1	27		0
20O	3	3		0
20O	3	3		0
20O	3	4		0
20O	3	16		0
20O	3	16	a	0
20O	3	22		0
20O	3	22	a	0
20O	4	4		0
20O	4	5		0
20O	4	5		0
20O	4			1
20O	4	27		0
20O	4	27	a	0
20O	4	27	b	0
20O	6	8		0
20O	6	8	a	0
20O	6	8	b	0
20O	6	8	c	0
20O	6	11		0
20O	6	11	a	0
20O	7	1		0
20O	7	1	a	0
20O	7	22		0
20O	7	23		0
20O	7	23		0
20O	8	21		0
20O	8	21	a	0
20O	8	23		0
20O	8	24		0
20O	8	24		0
20O	8			1
20O	9	10		0
20O	9	10	a	0
20O	9	12		0
20O	9	12	a	0
20O	9	12	b	0
20O	9	12	c	0
20O	9	18		0
20O	9	18	a	0
20O	9	18	b	0
20O	9	18	c	0
20O	9	18	d	0
20O	10	4		0
20O	10	4	a	0
20O	11			1
20O	12	11		0
20O	12	11	a	0
20O	12	13		0
20O	12	13	a	0
20O	13	9		0
20O	13	9	a	0
20O	13	13		0
20O	13	13	a	0
20O	14	35		0
20O	15	1		0
20O	15	1		0
20O	15	18		0
20O	15	18	a	0
20O	15			1
20O	16			1
20O	16			1
20O	16	9		0
20O	15	27	a	0
20O	15	28	a	0
20O	16	7		0
20O	16	8		0
20O	15	29	a	0
20O	15	29	b	0
20O	17	6		0
20O	17	6	a	0
20O	17	16		0
20O	17	16	a	0
20O	18	22		0
20O	18	22	a	0
20O	18			1
20O	18			1
20O	19			1
20O	19			1
20O	20			1
20O	20			1
20O	20			1
20O	20			1
20O	20			1
20O	20			1
20O	20	9	a	0
20O	20	9	b	0
20O	20	9	c	0
20O	21	3		0
20O	21	3		0
20O	21	4		0
20O	21			1
20O	22			1
20O	22	8	a	0
20O	22	9		0
20O	22	9	a	0
20O	22	14		0
20O	22	14	a	0
20O	22	17		0
20O	22	17		0
20O	22	18		0
20O	23	2		0
20O	23	3		0
20O	23	3		0
20O	23	7		0
20O	23	8		0
20O	23	8		0
20O	23			1
20O	24	9		0
20O	24	9		0
20O	24	10		0
20O	24	22		0
20O	24	22	a	0
20O	24	22	b	0
20O	24	22	c	0
20O	24	22	d	0
20O	24	22	e	0
20O	25	10		0
20O	25	10	a	0
20O	25	20		0
20O	25	20	a	0
20O	26	11		0
20O	26	11	a	0
20O	27	20		0
20O	27	20	a	0
20O	27	21		0
20O	27	21	a	0
20O	28	17		0
20O	28	17	a	0
20O	31	6		0
20O	31	6		0
20O	31	7		0
20O	31	21		0
20O	31	22		0
20O	31	22		0
20O	31	26		0
20O	31	28		0
20O	31	25		0
20O	31	28		0
21O	1	5		0
21O	1	6		0
21O	1	6		0
21O	3	17		0
21O	3	18		0
21O	3	18		0
21O	4	17		0
21O	5	1		0
21O	5	2		0
21O	5	3		0
21O	5	4		0
21O	5	5		0
21O	5	6		0
21O	5	7		0
21O	5	8		0
21O	5	9		0
21O	5	10		0
21O	5	11		0
21O	5	12		0
21O	5	13		0
21O	5	14		0
21O	5	15		0
21O	5	16		0
21O	5	17		0
21O	5	18		0
21O	5	19		0
21O	7	23		0
21O	7	24		0
21O	7	24		0
21O	8	2		0
21O	8	2		0
21O	8	3		0
21O	12	9		0
21O	12	10		0
21O	12	10		0
21O	12	11		0
21O	12	11		0
21O	12	12		0
22O	2	13		0
22O	2	14		0
22O	2	14		0
22O	7	1		0
22O	7	2		0
22O	7	3		0
22O	7	4		0
22O	7	5		0
22O	7	6		0
22O	7	7		0
22O	7	8		0
22O	7	9		0
22O	7	10		0
22O	7	11		0
22O	7	12		0
22O	7	13		0
22O	7	14		0
23O	1	26		0
23O	1	26		0
23O	1	27		0
23O	2			1
23O	3	15		0
23O	3	16		0
23O	3	16		0
23O	3	19		0
23O	3	20		0
23O	3	20		0
23O	3	20		0
23O	3	21		0
23O	3	22		0
23O	3	22		0
23O	3	23		0
23O	3	24		0
23O	3	25		0
23O	3	25		0
23O	3	24		0
23O	4	5		0
23O	4	5		0
23O	4	6		0
23O	7	4		0
23O	7	5		0
23O	7	5		0
23O	8	13		0
23O	8	14		0
23O	8	14		0
23O	8	23		0
23O	9	1		0
23O	9	2		0
23O	9	3		0
23O	9	4		0
23O	9	5		0
23O	9	6		0
23O	9	7		0
23O	9	8		0
23O	9	9		0
23O	9	10		0
23O	9	11		0
23O	9	12		0
23O	9	13		0
23O	9	14		0
23O	9	15		0
23O	9	16		0
23O	9	17		0
23O	9	18		0
23O	9	19		0
23O	9	20		0
23O	10	5		0
23O	10	6		0
23O	10	6		0
23O	14	23		0
23O	14	24		0
23O	14	24		0
23O	22	8		0
23O	22	9		0
23O	22	9		0
23O	23	1		0
23O	23	2		0
23O	23	2		0
23O	25	4		0
23O	25	5		0
23O	25	5		0
23O	26	2		0
23O	26	3		0
23O	26	3		0
23O	26	4		0
23O	26	4		0
23O	26	8		0
23O	26	9		0
23O	26	9		0
23O	27	9		0
23O	27	9		0
23O	27	10		0
23O	27	11		0
23O	27	11		0
23O	30	4		0
23O	30	4		0
23O	30	5		0
23O	30	7		0
23O	30	8		0
23O	30	8		0
23O	33	18		0
23O	33	19		0
23O	33	19		0
23O	33	21		0
23O	33	22		0
23O	33	22		0
23O	35	3		0
23O	35	4		0
23O	35	4		0
23O	37	8		0
23O	37	8		0
23O	37	9		0
23O	37	26		0
23O	37	26		0
23O	37	27		0
23O	37	28		0
23O	37	29		0
23O	37	29		0
23O	38	11		0
23O	38	12		0
23O	38	12		0
23O	38	14		0
23O	38	15		0
23O	38	15		0
23O	44	12		0
23O	44	12		0
23O	44	13		0
23O	50	4		0
23O	50	5		0
23O	50	5		0
23O	51	4		0
23O	51	5		0
23O	51	5		0
23O	53	2		0
23O	53	3		0
23O	53	3		0
23O	53	2		0
23O	56			1
23O	59	10		0
23O	59	10		0
23O	59	11		0
23O	62	6		0
23O	62	7		0
23O	62	7		0
23O	64			1
23O	65	3		0
23O	65	3		0
23O	65	4		0
23O	65	22		0
23O	65	23		0
23O	65	23		0
24O	2			1
24O	2	30		0
24O	2	30		0
24O	2	31		0
24O	5	1		0
24O	5	1		0
24O	5	2		0
24O	6	1		0
24O	6	1		0
24O	6	2		0
24O	7			1
24O	7			1
24O	8			1
24O	8			1
24O	8	23		0
24O	9	1		0
24O	9	2		0
24O	9	3		0
24O	9	4		0
24O	9	5		0
24O	9	5		0
24O	9	6		0
24O	9	7		0
24O	9	8		0
24O	9	9		0
24O	9	10		0
24O	9	11		0
24O	9	12		0
24O	9	13		0
24O	9	14		0
24O	9	15		0
24O	9	16		0
24O	9	17		0
24O	9	18		0
24O	9	19		0
24O	9	20		0
24O	9	21		0
24O	9	22		0
24O	9	23		0
24O	9	24		0
24O	9	25		0
24O	10	9		0
24O	10	5		0
24O	10			1
24O	10			1
24O	10			1
24O	10	9		0
24O	10			1
24O	11			1
24O	13	9		0
24O	13	10		0
24O	13	10		0
24O	15	20		0
24O	15	21		0
24O	15	21		0
24O	16	1		0
24O	16	1		0
24O	16	2		0
24O	17			1
24O	17			1
24O	17			1
24O	17			1
24O	17	22		0
24O	17	22		0
24O	17	23		0
24O	25	13		0
24O	32	13		0
24O	25			1
24O	32	15		0
24O	32	16		0
24O	32	17		0
24O	32	18		0
24O	32	19		0
24O	32	20		0
24O	25	20		0
24O	32	21		0
24O	32	22		0
24O	32	23		0
24O	32	24		0
24O	32	25		0
24O	32	26		0
24O	32	27		0
24O	32	28		0
24O	32	29		0
24O	32	30		0
24O	32	31		0
24O	32	32		0
24O	32	33		0
24O	32	34		0
24O	32	35		0
24O	32	36		0
24O	32	37		0
24O	32	38		0
24O	33	1		0
24O	33	2		0
24O	33	3		0
24O	33	4		0
24O	33	5		0
24O	33	6		0
24O	33	7		0
24O	33	8		0
24O	33	9		0
24O	33	10		0
24O	33	11		0
24O	33	12		0
24O	33	13		0
24O	33	14		0
24O	33	15		0
24O	33	16		0
24O	33	17		0
24O	33	18		0
24O	33	19		0
24O	33	20		0
24O	33	21		0
24O	33	22		0
24O	33	23		0
24O	33	24		0
24O	27			1
24O	34	2		0
24O	34	3		0
24O	34	4		0
24O	34	5		0
24O	34	6		0
24O	27			1
24O	34	8		0
24O	34	9		0
24O	34	10		0
24O	34	11		0
24O	34	12		0
24O	27			1
24O	34	14		0
24O	34	15		0
24O	34	16		0
24O	27			1
24O	34	18		0
24O	34	19		0
24O	34	20		0
24O	27			1
24O	34	22		0
24O	35	1		0
24O	35	2		0
24O	35	3		0
24O	35	4		0
24O	35	5		0
24O	35	6		0
24O	35	7		0
24O	35	8		0
24O	35	9		0
24O	35	10		0
24O	35	11		0
24O	35	12		0
24O	35	13		0
24O	35	14		0
24O	35	15		0
24O	35	16		0
24O	35	17		0
24O	36	1		0
24O	36	2		0
24O	36	3		0
24O	36	4		0
24O	36	5		0
24O	36	6		0
24O	36	7		0
24O	36	8		0
24O	36	9		0
24O	36	10		0
24O	36	11		0
24O	36	12		0
24O	36	13		0
24O	29			1
24O	36	15		0
24O	29			1
24O	29			1
24O	29			1
24O	29			1
24O	29			1
24O	36	21		0
24O	36	22		0
24O	36	23		0
24O	36	24		0
24O	36	25		0
24O	36	26		0
24O	36	27		0
24O	36	28		0
24O	36	29		0
24O	36	30		0
24O	36	31		0
24O	36	32		0
24O	37	1		0
24O	37	2		0
24O	37	3		0
24O	37	4		0
24O	37	5		0
24O	37	6		0
24O	37	7		0
24O	37	8		0
24O	37	9		0
24O	30			1
24O	30			1
24O	37	12		0
24O	37	13		0
24O	37	14		0
24O	30			1
24O	37	16		0
24O	37	17		0
24O	37	18		0
24O	37	19		0
24O	37	20		0
24O	37	21		0
24O	30			1
24O	37	23		0
24O	37	24		0
24O	38	1		0
24O	38	2		0
24O	38	3		0
24O	38	4		0
24O	38	5		0
24O	38	6		0
24O	38	7		0
24O	38	8		0
24O	38	9		0
24O	38	10		0
24O	38	11		0
24O	38	12		0
24O	38	13		0
24O	38	14		0
24O	38	15		0
24O	38	16		0
24O	38	17		0
24O	38	18		0
24O	38	19		0
24O	38	20		0
24O	38	21		0
24O	38	22		0
24O	38	23		0
24O	38	24		0
24O	38	25		0
24O	38	26		0
24O	38	27		0
24O	38	28		0
24O	38	29		0
24O	38	30		0
24O	38	31		0
24O	38	32		0
24O	38	33		0
24O	38	34		0
24O	38	35		0
24O	38	36		0
24O	38	37		0
24O	38	38		0
24O	38	39		0
24O	38	40		0
24O	39	1		0
24O	39	2		0
24O	39	3		0
24O	39	4		0
24O	39	5		0
24O	39	6		0
24O	39	7		0
24O	39	8		0
24O	39	9		0
24O	39	10		0
24O	39	11		0
24O	39	12		0
24O	39	13		0
24O	39	14		0
24O	39	15		0
24O	39	16		0
24O	39	17		0
24O	39	18		0
24O	39	19		0
24O	39	20		0
24O	39	21		0
24O	39	22		0
24O	39	23		0
24O	39	24		0
24O	39	25		0
24O	39	26		0
24O	39	27		0
24O	39	28		0
24O	39	29		0
24O	39	30		0
24O	39	31		0
24O	39	32		0
24O	39	33		0
24O	39	34		0
24O	39	35		0
24O	39	36		0
24O	39	37		0
24O	39	38		0
24O	39	39		0
24O	39	40		0
24O	39	41		0
24O	39	42		0
24O	39	43		0
24O	39	44		0
24O	40	1		0
24O	40	2		0
24O	40	3		0
24O	40	4		0
24O	40	5		0
24O	40	6		0
24O	40	7		0
24O	40	8		0
24O	40	9		0
24O	40	10		0
24O	40	11		0
24O	40	12		0
24O	40	13		0
24O	33			1
24O	33			1
24O	33			1
24O	33			1
24O	33			1
24O	33			1
24O	33			1
24O	33			1
24O	33			1
24O	33			1
24O	33			1
24O	33			1
24O	33			1
24O	41	1		0
24O	41	2		0
24O	41	3		0
24O	41	4		0
24O	41	5		0
24O	41	6		0
24O	41	7		0
24O	41	8		0
24O	41	9		0
24O	41	10		0
24O	41	11		0
24O	41	12		0
24O	41	13		0
24O	41	14		0
24O	41	15		0
24O	41	16		0
24O	41	17		0
24O	41	18		0
24O	41	19		0
24O	41	20		0
24O	41	21		0
24O	41	22		0
24O	42	1		0
24O	42	2		0
24O	42	3		0
24O	42	4		0
24O	42	5		0
24O	42	6		0
24O	42	7		0
24O	42	8		0
24O	42	9		0
24O	42	10		0
24O	42	11		0
24O	42	12		0
24O	42	13		0
24O	42	14		0
24O	42	15		0
24O	42	16		0
24O	42	17		0
24O	42	18		0
24O	42	19		0
24O	43	1		0
24O	43	2		0
24O	43	3		0
24O	43	4		0
24O	43	5		0
24O	43	6		0
24O	43	7		0
24O	43	8		0
24O	43	9		0
24O	43	10		0
24O	43	11		0
24O	43	12		0
24O	43	13		0
24O	43	14		0
24O	36	14		0
24O	43	15		0
24O	43	16		0
24O	43	17		0
24O	43	18		0
24O	43	19		0
24O	43	20		0
24O	43	21		0
24O	43	22		0
24O	43	23		0
24O	43	24		0
24O	43	25		0
24O	43	26		0
24O	43	27		0
24O	43	28		0
24O	43	29		0
24O	43	30		0
24O	43	31		0
24O	43	32		0
24O	44	1		0
24O	44	2		0
24O	44	3		0
24O	44	4		0
24O	44	5		0
24O	44	6		0
24O	44	7		0
24O	44	8		0
24O	44	9		0
24O	44	10		0
24O	44	11		0
24O	44	12		0
24O	44	13		0
24O	44	14		0
24O	44	15		0
24O	44	16		0
24O	44	17		0
24O	44	18		0
24O	44	19		0
24O	44	20		0
24O	44	21		0
24O	45	1		0
24O	45	2		0
24O	45	3		0
24O	45	4		0
24O	45	5		0
24O	45	6		0
24O	45	7		0
24O	45	8		0
24O	45	9		0
24O	45	10		0
24O	45	11		0
24O	45	12		0
24O	45	13		0
24O	45	14		0
24O	45	15		0
24O	45	16		0
24O	45	17		0
24O	45	18		0
24O	45	19		0
24O	45	20		0
24O	45	21		0
24O	45	22		0
24O	45	23		0
24O	45	24		0
24O	45	25		0
24O	45	26		0
24O	45	27		0
24O	45	28		0
24O	46	1		0
24O	46	2		0
24O	46	3		0
24O	39			1
24O	39			1
24O	39			1
24O	39			1
24O	39			1
24O	39			1
24O	39			1
24O	39			1
24O	39			1
24O	39			1
24O	46	14		0
24O	46	15		0
24O	46	16		0
24O	46	17		0
24O	46	18		0
24O	47	1		0
24O	47	2		0
24O	47	3		0
24O	47	4		0
24O	47	5		0
24O	47	6		0
24O	47	7		0
24O	47	8		0
24O	47	9		0
24O	47	10		0
24O	47	11		0
24O	47	12		0
24O	47	13		0
24O	47	14		0
24O	47	15		0
24O	47	16		0
24O	48	1		0
24O	48	2		0
24O	48	3		0
24O	48	4		0
24O	48	5		0
24O	48	6		0
24O	48	7		0
24O	48	8		0
24O	48	9		0
24O	48	10		0
24O	48	11		0
24O	48	12		0
24O	48	13		0
24O	48	14		0
24O	48	15		0
24O	48	16		0
24O	48	17		0
24O	48	18		0
24O	49	1		0
24O	49	2		0
24O	49	3		0
24O	49	4		0
24O	49	5		0
24O	49	6		0
24O	49	7		0
24O	49	8		0
24O	49	9		0
24O	49	10		0
24O	49	11		0
24O	49	12		0
24O	49	13		0
24O	49	14		0
24O	49	15		0
24O	49	16		0
24O	49	17		0
24O	49	18		0
24O	49	19		0
24O	49	20		0
24O	49	21		0
24O	49	22		0
24O	50	1		0
24O	50	2		0
24O	50	3		0
24O	50	4		0
24O	50	5		0
24O	50	6		0
24O	50	7		0
24O	50	8		0
24O	50	9		0
24O	50	10		0
24O	50	11		0
24O	50	12		0
24O	50	13		0
24O	51	1		0
24O	51	2		0
24O	51	3		0
24O	51	4		0
24O	51	5		0
24O	51	6		0
24O	51	7		0
24O	51	8		0
24O	51	9		0
24O	51	10		0
24O	51	11		0
24O	51	12		0
24O	51	13		0
24O	51	14		0
24O	51	15		0
24O	51	16		0
24O	51	17		0
24O	51	18		0
24O	51	19		0
24O	51	20		0
24O	51	21		0
24O	51	22		0
24O	51	23		0
24O	51	24		0
24O	51	25		0
24O	51	26		0
24O	51	27		0
24O	51	28		0
24O	51	29		0
24O	51	30		0
24O	51	31		0
24O	51	32		0
24O	51	33		0
24O	51	34		0
24O	51	35		0
24O	46			1
24O	26	2		0
24O	26	3		0
24O	26	4		0
24O	26	5		0
24O	26	6		0
24O	26	7		0
24O	26	8		0
24O	26	9		0
24O	26	10		0
24O	26	11		0
24O	26	12		0
24O	26	13		0
24O	26	14		0
24O	26	15		0
24O	26	16		0
24O	26	17		0
24O	26	18		0
24O	26	19		0
24O	26	20		0
24O	26	21		0
24O	26	22		0
24O	26	23		0
24O	26	24		0
24O	26	25		0
24O	26	25		0
24O	46			1
24O	26	27		0
24O	26	27		0
24O	26	28		0
24O	26	28		0
24O	29	1		0
24O	29	2		0
24O	29	3		0
24O	29	4		0
24O	29	5		0
24O	29	6		0
24O	29	7		0
24O	31	1		0
24O	31	2		0
24O	31	3		0
24O	31	4		0
24O	31	5		0
24O	31	6		0
24O	31	7		0
24O	31	8		0
24O	31	9		0
24O	31	10		0
24O	31	11		0
24O	31	12		0
24O	31	13		0
24O	31	14		0
24O	31	15		0
24O	31	16		0
24O	31	17		0
24O	31	18		0
24O	31	19		0
24O	31	20		0
24O	31	21		0
24O	31	22		0
24O	31	23		0
24O	31	24		0
24O	31	25		0
24O	31	26		0
24O	31	27		0
24O	31	28		0
24O	31	29		0
24O	31	30		0
24O	31	31		0
24O	31	32		0
24O	31	33		0
24O	31	34		0
24O	31	35		0
24O	31	36		0
24O	31	37		0
24O	31	38		0
24O	31	39		0
24O	31	40		0
24O	31	41		0
24O	31	42		0
24O	31	43		0
24O	31	44		0
24O	48			1
24O	48			1
24O	48			1
24O	30	17		0
24O	30	18		0
24O	30	19		0
24O	30	20		0
24O	30	21		0
24O	49			1
24O	30	1		0
24O	30	2		0
24O	30	3		0
24O	30	4		0
24O	30	5		0
24O	30	6		0
24O	30	7		0
24O	30	8		0
24O	30	9		0
24O	30	10		0
24O	30	11		0
24O	30	12		0
24O	30	13		0
24O	30	14		0
24O	30	15		0
24O	30	16		0
24O	30	29		0
24O	30	30		0
24O	30	31		0
24O	30	32		0
24O	30	33		0
24O	30	23		0
24O	30	24		0
24O	30	25		0
24O	30	26		0
24O	30	27		0
24O	30	28		0
24O	25	14		0
24O	25	15		0
24O	25	16		0
24O	25	17		0
24O	25	18		0
24O	25	19		0
24O	27	1		0
24O	27	2		0
24O	27	3		0
24O	27	4		0
24O	27	5		0
24O	27	6		0
24O	27	7		0
24O	27	8		0
24O	27	9		0
24O	27	10		0
24O	27	11		0
24O	27	12		0
24O	27	13		0
24O	27	14		0
24O	27	15		0
24O	27	16		0
24O	27	17		0
24O	27	18		0
24O	27	19		0
24O	27	20		0
24O	27	21		0
24O	27	22		0
24O	27	23		0
24O	27	24		0
24O	27	25		0
24O	27	26		0
24O	27	27		0
24O	27	28		0
24O	27	29		0
24O	27	30		0
24O	27	31		0
24O	27	32		0
24O	27	33		0
24O	27	34		0
24O	27	35		0
24O	27	36		0
24O	27	37		0
24O	27	38		0
24O	27	39		0
24O	27	40		0
24O	27	41		0
24O	27	42		0
24O	27	43		0
24O	27	44		0
24O	27	45		0
24O	27	46		0
24O	28	1		0
24O	28	2		0
24O	28	3		0
24O	28	4		0
24O	28	5		0
24O	28	6		0
24O	28	7		0
24O	28	8		0
24O	28	9		0
24O	28	10		0
24O	28	11		0
24O	28	12		0
24O	28	13		0
24O	28	14		0
24O	28	15		0
24O	28	16		0
24O	28	17		0
24O	28	18		0
24O	28	19		0
24O	28	20		0
24O	28	21		0
24O	28	22		0
24O	28	23		0
24O	28	24		0
24O	28	25		0
24O	28	26		0
24O	28	27		0
24O	28	28		0
24O	28	29		0
24O	28	30		0
24O	28	31		0
24O	28	32		0
24O	28	33		0
24O	28	34		0
24O	28	35		0
24O	28	36		0
24O	28	37		0
24O	28	38		0
24O	28	39		0
24O	28	40		0
24O	28	41		0
24O	28	42		0
24O	28	43		0
24O	28	44		0
24O	51			1
24O	51			1
24O	51			1
24O	51			1
24O	28	49		0
24O	28	50		0
24O	28	51		0
24O	28	52		0
24O	28	53		0
24O	28	54		0
24O	28	55		0
24O	28	56		0
24O	28	57		0
24O	28	58		0
24O	28	59		0
24O	28	60		0
24O	28	61		0
24O	28	62		0
24O	28	63		0
24O	28	64		0
24O	52			1
24O	52			1
24O	52	16		0
24O	52	16		0
24O	52			1
24O	52			1
24O	52			1
25O	1	1	a	0
25O	1	1		0
25O	1	15		0
25O	1	15		0
25O	1	17		0
25O	3			1
25O	3			1
25O	3			1
25O	3	25		0
25O	3	25		0
25O	3	26		0
25O	3			1
25O	3	56		0
25O	3	57		0
25O	3	57		0
26O	1			1
26O	5	4		0
26O	5	5		0
26O	5	5		0
26O	7	3		0
26O	7	7		0
26O	7	8		0
26O	7	9		0
26O	7	10		0
26O	7	10		0
26O	7	3		0
26O	7	4		0
26O	7	5		0
26O	7	6		0
26O	7	10		0
26O	7	10		0
26O	7	11		0
26O	7	14		0
26O	7	15		0
26O	7	15		0
26O	10			1
26O	20	31		0
26O	20	31		0
26O	20	32		0
26O	21	1		0
26O	21	2		0
26O	21	3		0
26O	21	4		0
26O	21	5		0
26O	21	6		0
26O	21	7		0
26O	21	8		0
26O	21	9		0
26O	21	10		0
26O	21	11		0
26O	21	12		0
26O	21	13		0
26O	21	14		0
26O	21	15		0
26O	21	16		0
26O	21	17		0
26O	21	18		0
26O	21	19		0
26O	21	20		0
26O	21	21		0
26O	21	22		0
26O	21	23		0
26O	21	24		0
26O	21	25		0
26O	21	26		0
26O	21	27		0
26O	21	28		0
26O	21	29		0
26O	21	30		0
26O	21	31		0
26O	21	26		0
26O	21	26		0
26O	21	32		0
26O	21	33		0
26O	21	34		0
26O	21	35		0
26O	21	36		0
26O	21	37		0
26O	22	20		0
26O	22	20		0
26O	22	21		0
26O	23	23		0
26O	23	24		0
26O	23	24		0
26O	26	8		0
26O	26	8		0
26O	26	9		0
26O	27	5		0
26O	27	5		0
26O	27	6		0
26O	27	17		0
26O	27	17		0
26O	27	19		0
26O	27			1
26O	28	7		0
26O	28	7		0
26O	28	8		0
26O	28	14		0
26O	28	15		0
26O	28	15		0
26O	30	5		0
26O	30	5		0
26O	30	6		0
26O	32	21		0
26O	32	21		0
26O	32	22		0
26O	32	22		0
26O	32	23		0
26O	33			1
26O	38	16		0
26O	38	17		0
26O	38	17		0
26O	40			1
26O	40	38		0
26O	40	39		0
26O	40	39		0
26O	40	38		0
26O	42	16		0
26O	42	17		0
26O	42	17		0
26O	42	19		0
26O	42	19		0
26O	42	18		0
26O	44	8		0
26O	44	9		0
26O	44	9		0
26O	45	3		0
26O	45	3		0
26O	45	4		0
26O	45	7		0
26O	45	7		0
26O	45	8		0
26O	47	9		0
26O	47	9		0
26O	47	10		0
26O	47	15		0
26O	47	15		0
26O	47	16		0
27O	3	91		0
27O	3	92		0
27O	3	93		0
27O	3	94		0
27O	3	95		0
27O	3	96		0
27O	3	97		0
27O	4	37	c	0
27O	4	37	c	0
27O	4	37	c	0
27O	4			1
27O	4			1
27O	4			1
27O	4	18		0
27O	4	18		0
27O	4			1
27O	4	17		0
27O	4	17	a	0
27O	4	18		0
27O	4	33		0
27O	4	33	a	0
27O	4	33	b	0
27O	4			1
27O	4	37		0
27O	4	37	a	0
27O	4	37	b	0
27O	4	37	c	0
27O	4	37	d	0
27O	5			1
27O	5			1
27O	5			1
27O	5			1
27O	5			1
27O	5			1
27O	5			1
27O	5			1
27O	5			1
27O	5			1
27O	5			1
27O	6	1		0
27O	6	2		0
27O	6	3		0
27O	6	4		0
27O	6	5		0
27O	6	6		0
27O	6	7		0
27O	6	8		0
27O	6	9		0
27O	6	10		0
27O	6	11		0
27O	6	12		0
27O	6	13		0
27O	6	13	a	0
27O	6	14		0
27O	6	15		0
27O	6	16		0
27O	6	17		0
27O	6	18		0
27O	6	19		0
27O	6	20		0
27O	6	21		0
27O	6	22		0
27O	6	23		0
27O	6	24		0
27O	6	25		0
27O	6	26		0
27O	6	27		0
27O	6	28		0
27O	6	29		0
27O	8	3		0
27O	8	4		0
27O	8	4		0
27O	9	25		0
27O	9	27		0
27O	9	27		0
27O	9	26		0
27O	9	27		0
28O	2	1		0
28O	2	2		0
28O	2	3		0
28O	2	4		0
28O	2	5		0
28O	2	6		0
28O	2	7		0
28O	2	8		0
28O	2	9		0
28O	2	10		0
28O	2	11		0
28O	2	12		0
28O	2	13		0
28O	2	14		0
28O	2	15		0
28O	2	16		0
28O	2	17		0
28O	2	18		0
28O	2	19		0
28O	2	20		0
28O	2	21		0
28O	2	22		0
28O	2	23		0
28O	2	24		0
28O	2	25		0
28O	4	11		0
28O	4	11		0
28O	4	12		0
28O	4	14		0
28O	4	14		0
28O	4	15		0
28O	6	10		0
28O	6	10		0
28O	6	11		0
28O	8	12		0
28O	8	12		0
28O	8	13		0
28O	9	8		0
28O	9	8		0
28O	9	9		0
28O	11	4		0
28O	11	4		0
28O	11	5		0
28O	12	1		0
28O	12	2		0
28O	12	3		0
28O	12	4		0
28O	12	5		0
28O	12	6		0
28O	12	7		0
28O	12	8		0
28O	12	9		0
28O	12	10		0
28O	12	11		0
28O	12	12		0
28O	12	13		0
28O	12	14		0
28O	12	15		0
28O	14	1		0
28O	14	2		0
28O	14	3		0
28O	14	4		0
28O	14	5		0
28O	14	6		0
28O	14	7		0
28O	14	8		0
28O	14	9		0
28O	14	10		0
29O	3	1		0
29O	3	2		0
29O	3	3		0
29O	3	4		0
29O	3	5		0
29O	4	1		0
29O	4	2		0
29O	4	3		0
29O	4	4		0
29O	4	5		0
29O	4	6		0
29O	4	7		0
29O	4	8		0
29O	4	9		0
29O	4	10		0
29O	4	11		0
29O	4	12		0
29O	4	13		0
29O	4	14		0
29O	4	15		0
29O	4	16		0
29O	4	17		0
29O	4	18		0
29O	4	19		0
29O	4	20		0
29O	4	21		0
30O	4	2		0
30O	4	2		0
30O	4	3		0
31O	1	9		0
31O	1	10		0
31O	1	10		0
32O	2	1		0
32O	2	2		0
32O	2	3		0
32O	2	4		0
32O	2	5		0
32O	2	6		0
32O	2	6		0
32O	2	7		0
32O	2	8		0
32O	2	9		0
32O	2	10		0
32O	2	11		0
33O	1	10		0
33O	1	10		0
33O	1	11		0
33O	2	10		0
33O	2	11		0
33O	2	11		0
33O	4	14		0
33O	5	1		0
33O	5	2		0
33O	5	3		0
33O	5	4		0
33O	5	5		0
33O	5	6		0
33O	5	7		0
33O	5	8		0
33O	5	9		0
33O	5	10		0
33O	5	11		0
33O	5	12		0
33O	5	13		0
33O	5	14		0
33O	6	9		0
33O	6	9		0
33O	6	10		0
33O	6	15		0
33O	6	15		0
33O	6	16		0
33O	7	18		0
33O	7	19		0
33O	7	19		0
34O	2	1		0
34O	2	2		0
34O	2	3		0
34O	2	4		0
34O	2	5		0
34O	2	6		0
34O	2	7		0
34O	2	8		0
34O	2	9		0
34O	2	10		0
34O	2	11		0
34O	2	12		0
34O	2	13		0
34O	2	14		0
34O	3	16		0
34O	3	17		0
34O	3	17		0
35O	3	6		0
35O	3	7		0
35O	3	7		0
36O	3	17		0
36O	3	17		0
36O	3	18		0
36O	3	18		0
36O	3	19		0
36O	3	20		0
36O	3	20		0
38O	1	16		0
38O	1	16		0
38O	1	17		0
38O	2	1		0
38O	2	2		0
38O	2	3		0
38O	2	4		0
38O	2	5		0
38O	2	6		0
38O	2	7		0
38O	2	8		0
38O	2	9		0
38O	2	10		0
38O	2	11		0
38O	2	12		0
38O	2	13		0
38O	2	14		0
38O	2	15		0
38O	2	16		0
38O	2	17		0
39O	3	19		0
39O	3	20		0
39O	3	21		0
39O	3	24		0
39O	3	22		0
39O	3	23		0
67A	5	23		0
67A	6	1		0
67A	6	18		0
67A	6	19		0
67A	7	16		0
67A	7	17		0
67A	10	12		0
67A	10	13		0
67A	10	14		0
67A	11	18		0
67A	11	19		0
67A	13	1		0
67A	13	2		0
67A	13	3		0
67A	13	4		0
67A	13	5		0
67A	13	6		0
67A	13	7		0
67A	13	8		0
67A	13	9		0
67A	13	10		0
67A	13	11		0
67A	13	12		0
67A	13	13		0
67A	13	14		0
67A	13	15		0
67A	13	16		0
67A	13	17		0
67A	13	18		0
69A	1	1	s	0
69A	1	17		0
69A	1	18		0
69A	1	18		0
69A	4			1
69A	5			1
69A	5			1
69A	9	1		0
69A	9	2		0
69A	9	2		0
69A	9			1
69A	9	16		0
69A	9	16		0
69A	9	17		0
69A	9	27		0
69A	9	27		0
69A	9	28		0
69A	9			1
69A	9	31		0
69A	9	32		0
69A	9	32		0
69A	10	3	a	0
69A	10	3	b	0
69A	10	3	c	0
69A	10	3	d	0
69A	10	3	e	0
69A	10	3	f	0
69A	10	3	g	0
69A	10	3	h	0
69A	10	3	i	0
69A	10	3	k	0
69A	10	3	l	0
69A	1	1	a	0
69A	1	1	b	0
69A	1	1	c	0
69A	1	1	d	0
69A	1	1	d	0
69A	1	1	e	0
69A	1	1	f	0
69A	1	1	g	0
69A	1	1	h	0
69A	1	1	i	0
69A	1	1	k	0
69A	1	1	l	0
69A	1	1	m	0
69A	1	1	n	0
69A	1	1	o	0
69A	1	1	p	0
69A	1	1	q	0
69A	1	1	r	0
69A	3	13	a	0
69A	3	13	b	0
69A	3	13	c	0
69A	3	13	d	0
69A	3	13	e	0
69A	3	13	f	0
69A	3	13	g	0
69A	4	17	a	0
69A	4	17	b	0
69A	4	17	c	0
69A	4	17	c	0
69A	4	17	d	0
69A	4	17	d	0
69A	4	17	e	0
69A	4	17	f	0
69A	4	17	g	0
69A	4	17	h	0
69A	4	17	i	0
69A	4	17	k	0
69A	4	17	k	0
69A	4	17	k	0
69A	4	17	l	0
69A	4	17	l	0
69A	4	17	m	0
69A	4	17	n	0
69A	4	17	n	0
69A	4	17	o	0
69A	4	17	o	0
69A	4	17	p	0
69A	4	17	q	0
69A	4	17	r	0
69A	4	17	s	0
69A	4	17	t	0
69A	4	17	u	0
69A	4	17	w	0
69A	4	17	x	0
69A	4	17	y	0
69A	4	17	z	0
69A	5	1		0
69A	5	1	a	0
69A	5	1	a	0
69A	5	1	a	0
69A	5	1	b	0
69A	5	1	c	0
69A	5	1	d	0
69A	5	1	e	0
69A	5	1	f	0
69A	5	1	f	0
69A	5	2		0
69A	5	2		0
69A	5	2	a	0
69A	5	2	a	0
69A	5	2	b	0
69A	5	2	b	0
69A	8	12	a	0
69A	8	12	b	0
69A	8	12	c	0
69A	8	12	c	0
69A	8	12	d	0
69A	8	12	e	0
69A	8	12	f	0
69A	8	12	g	0
69A	8	12	h	0
69A	8	12	i	0
69A	8	12	k	0
69A	8	12	l	0
69A	8	12	m	0
69A	8	12	n	0
69A	8	12	o	0
69A	8	12	p	0
69A	8	12	q	0
69A	8	12	r	0
69A	8	12	r	0
69A	8	12	s	0
69A	8	12	s	0
69A	8	12	t	0
69A	8	12	u	0
69A	8	12	u	0
69A	8	12	x	0
70A	17	9		0
70A	17	9		0
70A	17	10		0
70A	17	11		0
70A	17	12		0
70A	17	13		0
70A	17	14		0
70A	17	15		0
70A	17	16		0
70A	17	17		0
70A	17	18		0
70A	17	19		0
70A	17	20		0
71A	1	1	.10	0
71A	1	1	.11	0
71A	1	1	.12	0
71A	1	1	.13	0
71A	1	1	.14	0
71A	1	1	.15	0
71A	1	1	.16	0
71A	1	1	.17	0
71A	1	1	.18	0
71A	1	1	.2	0
71A	1	1	.20	0
71A	1	1	.21	0
71A	1	1	.22	0
71A	1	1	.23	0
71A	1	1	.25	0
71A	1	1	.26	0
71A	1	1	.27	0
71A	1	1	.28	0
71A	1	1	.29	0
71A	1	1	.3	0
71A	1	1	.30	0
71A	1	1	.31	0
71A	1	1	.32	0
71A	1	1	.33	0
71A	1	1	.7	0
71A	1	1	.8	0
71A	1	1	.19	0
71A	1	1	.24	0
71A	1	1	.9	0
71A	1	1	.1	0
71A	1	1	.34	0
71A	1	1	.35	0
71A	1	1	.36	0
71A	1	1	.4	0
71A	1	1	.5	0
71A	1	1	.6	0
71A	1			1
71A	1			1
71A	1			1
71A	3			1
71A	3			1
71A	5	15		0
71A	5	15		0
71A	10			1
71A	11			1
71A	11			1
71A	13			1
71A	16			1
71A	16			1
71A	17			1
71A	17	10		0
71A	17	10		0
71A	17			1
71A	17			1
71A	17			1
71A	18			1
71A	19			1
71A	19			1
71A	19			1
71A	20			1
71A	22			1
71A	22			1
71A	23			1
71A	24			1
71A	24			1
71A	25			1
71A	26			1
71A	26			1
71A	26			1
71A	26			1
71A	26			1
71A	26			1
71A	26			1
71A	26			1
71A	26			1
71A	34	10		0
71A	34	10		0
71A	34	11		0
71A	34	12		0
71A	34	13		0
71A	34	13		0
71A	34	14		0
71A	34	15		0
71A	34	15		0
71A	34	16		0
71A	34	17		0
71A	34	18		0
71A	34	18		0
71A	34	19		0
71A	34	20		0
71A	34	21		0
71A	34	22		0
71A	34	22		0
71A	34	23		0
71A	34	24		0
71A	34	25		0
71A	34	26		0
71A	35	1		0
71A	35	1		0
71A	35	2		0
71A	35	2		0
71A	35	3		0
71A	35	4		0
71A	35	4		0
71A	35	5		0
71A	35	6		0
71A	35	7		0
71A	35	8		0
71A	35	9		0
71A	35	10		0
71A	35	11		0
71A	35	11		0
71A	35	12		0
71A	35	13		0
71A	35	14		0
71A	35	15		0
71A	35	15		0
71A	35	16		0
71A	35	17		0
71A	35	18		0
71A	35	18		0
71A	35	19		0
71A	35	20		0
71A	35	20		0
71A	35	21		0
71A	35	22		0
71A	35	23		0
71A	35	24		0
71A	36	1		0
71A	36	1		0
71A	36	2		0
71A	36	3		0
71A	36	4		0
71A	36	5		0
71A	36	5		0
71A	36	6		0
71A	36	6		0
71A	36	7		0
71A	36	8		0
71A	36	9		0
71A	36	10		0
71A	36			1
71A	36			1
71A	36	10		0
71A	36	11		0
71A	36	12		0
71A	36	13		0
71A	36	14		0
71A	36	15		0
71A	36	16		0
71A	36	17		0
71A	36	18		0
71A	36	19		0
71A	36	20		0
71A	36	21		0
71A	36	22		0
71A	36	27		0
71A	36	23		0
71A	36	24		0
71A	36	25		0
71A	36	26		0
71A	41	18		0
71A	41	19		0
71A	41	19		0
71A	41	20		0
71A	41	21		0
71A	41	21		0
71A	41	22		0
71A	41	22		0
71A	41	23		0
71A	41	24		0
71A	41	25		0
71A	41	26		0
71A	41	27		0
71A	42	1		0
72A	3	34		0
72A	3	35		0
72A	3	36		0
72A	3	37		0
72A	3	38		0
73A	1	1	a	0
73A	1	1	a	0
73A	1	1		0
73A	1	2		0
73A	1	3		0
73A	1	4		0
73A	1	5		0
73A	1	6		0
73A	1	7		0
73A	1	8		0
73A	1	9		0
73A	1	10		0
73A	1	11		0
73A	1	12		0
73A	1	13		0
73A	1	14		0
73A	1	15		0
73A	1	16		0
73A	1	17		0
73A	1	18		0
73A	1	19		0
73A	1	20		0
73A	1	21		0
73A	1	22		0
73A	1	23		0
73A	1	24		0
73A	1	25		0
73A	1	26		0
73A	1	27		0
73A	1	28		0
73A	1	29		0
73A	1	30		0
73A	1	31		0
73A	1	32		0
73A	1	33		0
73A	1	34		0
73A	1	35		0
73A	1	36		0
73A	1	37		0
73A	1	38		0
73A	1	39		0
73A	1	40		0
73A	1	41		0
73A	1	42		0
73A	1	43		0
73A	1	44		0
73A	1	45		0
73A	1	46		0
73A	1	47		0
73A	1	48		0
73A	1	49		0
73A	1	50		0
73A	1	51		0
73A	1	52		0
73A	1	53		0
73A	1	54		0
73A	1	55		0
73A	1	56		0
73A	1	57		0
73A	1	58		0
73A	1	59		0
73A	1	60		0
73A	1	61		0
73A	1	62		0
73A	1	63		0
73A	1	64		0
73A	1	65		0
73A	1	66		0
73A	1	67		0
73A	1	68		0
73A	1	69		0
73A	1	70		0
73A	1	71		0
73A	1	72		0
27O	3	24		0
27O	3	25		0
27O	3	26		0
27O	3	27		0
27O	3	28		0
27O	3	29		0
27O	3	30		0
27O	3	31		0
27O	3	32		0
27O	3	33		0
27O	3	34		0
27O	3	35		0
27O	3	36		0
27O	3	37		0
27O	3	38		0
27O	3	39		0
27O	3	40		0
27O	3	41		0
27O	3	42		0
27O	3	43		0
27O	3	44		0
27O	3	45		0
27O	3	46		0
27O	3	47		0
27O	3	48		0
27O	3	49		0
27O	3	50		0
27O	3	51		0
27O	3	52		0
27O	3	52		0
27O	3	53		0
27O	3	55		0
27O	3	54		0
27O	3	56		0
27O	3	57		0
27O	3	57		0
27O	3	58		0
27O	3	59		0
27O	3	59		0
27O	3	58		0
27O	3	60		0
27O	3	60		0
27O	3	61		0
27O	3	61		0
27O	3	62		0
27O	3	62		0
27O	3	63		0
27O	3	63		0
27O	3	64		0
27O	3	64		0
27O	3	65		0
27O	3	65		0
27O	3	66		0
27O	3	66		0
27O	3	67		0
27O	3	67		0
27O	3	68		0
27O	3	68		0
27O	3	69		0
27O	3	71		0
27O	3	70		0
27O	3	72		0
27O	3	69		0
27O	3	71		0
27O	3	72		0
27O	3	70		0
27O	3	73		0
27O	3	73		0
27O	3	74		0
27O	3	74		0
27O	3	75		0
27O	3	75		0
27O	3	76		0
27O	3	76		0
27O	3	77		0
27O	3	78		0
27O	3	78		0
27O	3	77		0
27O	3	79		0
27O	3	80		0
27O	3	81		0
27O	3	82		0
27O	3	83		0
27O	3	84		0
27O	3	85		0
27O	3	86		0
27O	3	87		0
27O	3	88		0
27O	3	89		0
27O	3	90		0
75A	1	7		0
75A	1	7		0
75A	1			1
75A	1			1
75A	1			1
75A	1	7		0
75A	1	7		0
75A	1	10		0
75A	1	10		0
75A	1	13		0
75A	1	13		0
75A	1			1
75A	1			1
75A	1			1
75A	1			1
75A	1			1
75A	1			1
75A	1			1
75A	1			1
75A	1			1
75A	1			1
75A	1	35	a	0
75A	1	35	a	0
75A	1	44		0
75A	1	44		0
75A	1			1
75A	1	48		0
75A	1	48		0
75A	1			1
75A	1			1
75A	1	60		0
75A	1	60		0
75A	1	60		0
75A	1			1
76A	1			1
76A	1	15		0
76A	1	15		0
76A	1	15		0
76A	1			1
76A	1	31		0
76A	1	31		0
80A	10			1
80A	11			1
80A	11			1
81A	1	10		0
81A	1	11		0
81A	1	12		0
81A	1	13		0
81A	1	13		0
81A	1	14		0
81A	1	14		0
81A	1	15		0
81A	1	15		0
81A	1	16		0
81A	1	16		0
81A	1	17		0
81A	1	18		0
81A	1	19		0
81A	1	20		0
81A	1	21		0
81A	1	22		0
81A	1	23		0
81A	1	24		0
81A	1	25		0
81A	1	26		0
81A	1	27		0
81A	1	28		0
81A	1	29		0
81A	1	30		0
81A	1	31		0
81A	1	32		0
81A	1	33		0
81A	1	34		0
81A	1	35		0
81A	1	36		0
81A	1	37		0
81A	1	38		0
81A	1	39		0
81A	1	40		0
81A	1	41		0
81A	1	42		0
81A	1	43		0
81A	1	44		0
81A	1	45		0
81A	1	46		0
81A	1	47		0
81A	1	48		0
81A	1	49		0
81A	1	49		0
81A	1	50		0
81A	1	51		0
81A	1	52		0
81A	1	53		0
81A	1	54		0
81A	1	55		0
81A	2	1		0
81A	2	1		0
81A	2	2		0
81A	2	2		0
81A	2	3		0
81A	2	4		0
81A	2	4		0
81A	2	5		0
81A	2	6		0
81A	2	7		0
81A	2	8		0
81A	2	8		0
81A	2	9		0
81A	2	10		0
81A	2	11		0
81A	2	12		0
81A	2	13		0
81A	2	14		0
81A	2	15		0
81A	2	16		0
81A	2	16		0
81A	2	17		0
81A	2	17		0
81A	2	18		0
81A	2	19		0
81A	2	20		0
81A	2	21		0
81A	2	26		0
81A	2	21		0
81A	2	22		0
81A	2	23		0
81A	2	24		0
81A	2	24		0
81A	2	25		0
81A	5	9		0
81A	5	10		0
81A	5	10		0
81A	5	41		0
81A	5	41		0
81A	5	42		0
81A	5	43		0
81A	5	44		0
81A	5	45		0
81A	5	46		0
81A	5	47		0
81A	5	48		0
81A	5	49		0
81A	5	50		0
81A	5	51		0
81A	5	52		0
81A	5	53		0
81A	5	53		0
81A	5	54		0
81A	5	55		0
81A	5	56		0
81A	5	57		0
81A	5	57		0
81A	5	57		0
81A	5	58		0
81A	5	59		0
81A	5	60		0
81A	5	61		0
81A	5	62		0
81A	5	63		0
81A	5	64		0
81A	5	65		0
81A	5	66		0
81A	5	67		0
81A	5	68		0
81A	5	69		0
81A	5	70		0
81A	5	71		0
81A	6	8		0
81A	6	8		0
81A	6	9		0
81A	6	10		0
81A	6	11		0
81A	6	12		0
81A	6	13		0
81A	6	14		0
81A	6	15		0
81A	6	16		0
81A	6	17		0
81A	6	18		0
81A	6	19		0
81A	6	20		0
81A	6	21		0
81A	6	22		0
81A	6	23		0
81A	6	24		0
81A	6	25		0
81A	6	26		0
81A	6	27		0
81A	6	28		0
81A	6	29		0
81A	6	30		0
81A	6	31		0
81A	6	32		0
81A	6	33		0
81A	8	56		0
81A	8	56		0
81A	8	57		0
81A	8	58		0
81A	8	59		0
81A	8	60		0
81A	8	61		0
81A	8	62		0
81A	8	62		0
81A	8	63		0
81A	8	63		0
81A	8	64		0
81A	8	65		0
81A	8	66		0
81A	8	67		0
81A	8	68		0
81A	8	69		0
81A	8	70		0
81A	8	71		0
81A	8	71		0
81A	8	72		0
81A	8	73		0
81A	8	74		0
81A	8	75		0
81A	8	76		0
81A	8	77		0
81A	8	78		0
81A	8	79		0
81A	8	80		0
81A	8	81		0
81A	8	82		0
81A	8	83		0
81A	8	84		0
81A	8	85		0
81A	8	86		0
81A	8	87		0
81A	8	88		0
81A	8	89		0
81A	8	90		0
81A	8	90		0
81A	8	91		0
81A	8	92		0
83A	1	1	a	0
83A	1	1		0
19O	151	1		0
19O	151	2		0
19O	151	3		0
19O	151	4		0
19O	151	5		0
19O	151	6		0
19O	151	7		0
86A	1	1	a	0
86A	1	1		0
86A	2	1	a	0
86A	2	1		0
86A	3	1	a	0
86A	3	1		0
86A	5	1	a	0
86A	5	9		0
86A	5	10		0
86A	5	11		0
86A	5	12		0
86A	5	13		0
86A	5	14		0
86A	5	15		0
86A	5	16		0
86A	5	17		0
86A	5	18		0
86A	5	19		0
86A	5	20		0
86A	6	1		0
86A	6	3		0
86A	6	4		0
86A	6	5		0
86A	6	6		0
86A	6	7		0
86A	6	8		0
86A	6	9		0
86A	6	10		0
86A	7	1	a	0
86A	7	26		0
86A	7	27		0
86A	7	28		0
86A	7	29		0
86A	7	30		0
86A	7	31		0
86A	7	32		0
86A	7	33		0
86A	7	34		0
86A	7	35		0
86A	7	36		0
86A	7	37		0
86A	7	38		0
86A	7	39		0
86A	7	40		0
86A	7	41		0
86A	7	42		0
86A	7	43		0
86A	7	44		0
86A	7	45		0
86A	8	1	a	0
86A	8	52		0
86A	8	53		0
86A	8	54		0
86A	8	55		0
86A	8	56		0
86A	8	57		0
86A	8	58		0
86A	8	59		0
86A	8	60		0
86A	8	61		0
86A	8	62		0
86A	8	63		0
86A	8	64		0
86A	8	65		0
86A	8	66		0
86A	8	67		0
86A	8	68		0
86A	8	69		0
86A	8	70		0
86A	8	71		0
86A	8	72		0
86A	8	73		0
86A	8	74		0
86A	8	75		0
86A	8	76		0
86A	8	77		0
86A	8	78		0
86A	8	79		0
86A	8	80		0
86A	8	81		0
86A	8	82		0
86A	8	83		0
86A	8	84		0
86A	8	85		0
86A	8	86		0
86A	8	87		0
86A	8	88		0
86A	9	1	a	0
86A	9	46		0
86A	9	47		0
86A	9	48		0
86A	9	49		0
86A	9	50		0
86A	9	51		0
86A	9	52		0
86A	9	53		0
86A	9	54		0
86A	9	55		0
86A	9	68	t	0
86A	9	68	t	0
86A	9	68		0
86A	9	69		0
86A	9	70		0
86A	9	71		0
86A	9	72		0
86A	9	73		0
86A	9	74		0
86A	9	75		0
86A	9	76		0
86A	9	77		0
86A	9	78		0
86A	9	79		0
86A	10	1	a	0
86A	10	1		0
86A	11	1	a	0
86A	11	10		0
86A	11	11		0
86A	11	12		0
86A	11	13		0
86A	11	14		0
86A	11	15		0
86A	11	16		0
86A	11	17		0
86A	11	18		0
86A	11	19		0
86A	11	20		0
86A	12	1	a	0
86A	12	1		0
86A	13	1	a	0
86A	13	29		0
86A	13	30		0
86A	13	31		0
86A	13	32		0
86A	14	1	a	0
86A	14	1		0
